X,Y,Z
40.742,-14.6598,156.47
31.1378,-14.3731,161.759
31.9317,-11.2593,164.702
39.2879,-10.1269,148.137
42.7593,-10.872,160.114
31.5196,-11.1472,164.727
31.9502,-11.1388,164.602
43.7258,-11.1472,164.727
31.6745,-11.0329,164.154
34.1512,-11.8532,176.359
43.7504,-10.9636,163.685
31.6093,-10.9872,164.602
43.7165,-10.8702,163.981
34.7775,-12.0209,181.972
35.9251,-8.8712,134.292
42.8857,-10.5176,159.216
43.4867,-10.5806,161.862
34.1162,-11.6842,179.376
34.6705,-11.8454,181.85
37.4949,-12.6745,196.664
36.3786,-8.65972,134.369
36.8296,-8.72669,136.383
43.9267,-14.6895,230.4
33.4877,-11.0368,175.647
32.9664,-10.7456,172.912
43.1643,-9.76105,159.433
43.1696,-9.16926,159.996
44.0387,-9.24111,163.217
31.6834,-9.02105,165.384
36.0799,-7.03041,132.814
44.224,-11.9738,229.193
36.6176,-7.04803,134.908
39.4406,-7.58365,145.802
31.5476,-8.51713,164.478
39.4335,-7.42077,145.9
34.7848,-9.17585,182.891
39.4406,-7.2815,145.802
35.9733,-6.59393,132.646
39.4459,-7.21532,145.822
36.1278,-6.44366,133.329
48.2777,-8.75557,182.033
51.0314,-9.44,197.207
43.4112,-10.8601,227.971
32.7921,-7.79834,163.699
36.6291,-7.73355,162.339
40.2899,-7.24324,152.047
39.5127,-7.19413,151.749
45.4988,-8.11195,171.11
41.6343,-9.6502,204.55
47.9777,-11.0829,234.919
39.9825,-6.97315,147.806
41.9412,-9.90916,211.069
42.6521,-9.89379,210.742
45.1572,-8.26614,176.072
44.8283,-8.04709,171.406
49.5932,-11.7138,250.739
42.4834,-9.68092,208.251
42.9696,-9.69331,208.517
37.0123,-6.78793,146.018
50.6874,-9.22886,198.526
44.7452,-8.08138,173.842
39.9825,-6.87104,147.806
33.0606,-7.73189,167.152
41.2348,-9.45653,204.436
42.1267,-9.57369,206.969
35.0948,-6.38121,137.952
34.7072,-6.32509,137.423
42.0722,-7.49653,162.875
44.082,-7.71039,167.521
39.5994,-9.50052,207.453
45.0299,-10.1431,221.483
49.5802,-11.0678,241.676
41.6736,-9.07878,198.243
42.8935,-7.48461,163.433
42.9077,-9.45588,207.521
35.7209,-6.49201,142.475
35.9434,-6.51451,142.969
42.5985,-9.69646,213.882
35.1211,-7.95763,175.527
41.1812,-9.18285,202.553
45.1094,-7.73785,170.679
35.8346,-6.05203,133.494
49.5946,-11.2707,249.874
49.5802,-10.9009,241.676
49.467,-10.4089,230.77
46.1795,-7.71994,172.032
35.1478,-7.71806,172.877
36.5714,-7.94968,178.065
42.9054,-8.9746,201.022
32.8998,-6.85216,153.482
35.8753,-7.93599,178.68
36.956,-8.10077,182.39
34.8573,-6.03648,135.912
35.2387,-5.91671,133.216
35.011,-6.11395,138.374
38.4865,-6.35048,145.241
34.114,-7.57215,174.098
35.6814,-7.72057,177.511
35.7352,-5.98499,137.607
41.0283,-8.83407,205.286
41.6034,-7.14082,165.938
42.844,-7.18235,166.903
42.7567,-7.13573,165.82
34.1395,-7.43996,173.82
43.2947,-7.86798,183.82
42.8299,-7.16726,167.449
47.4571,-7.85676,183.558
33.0251,-6.97055,163.734
34.8466,-5.89542,138.48
33.5802,-6.93076,163.685
41.7797,-7.01091,165.578
45.1938,-7.51516,178.457
42.9247,-7.08632,168.274
38.6453,-6.32281,150.143
36.1718,-7.12086,170.023
42.6178,-6.83684,163.242
42.1788,-8.56345,205.598
47.9868,-9.41522,226.048
40.889,-7.96218,191.163
44.0907,-7.05912,169.481
34.4884,-7.19751,173.764
40.913,-7.89732,190.659
32.6282,-6.58069,159.761
44.2003,-8.89459,215.936
35.0019,-5.59146,135.745
37.8154,-7.75912,189.429
34.4726,-6.53933,162.388
34.7528,-5.65758,142.944
33.2732,-5.5697,141.547
39.4741,-5.94955,151.2
33.851,-6.18101,158.943
33.8864,-6.16747,158.595
40.6653,-6.90313,177.512
39.0223,-7.1061,183.82
34.1437,-6.64918,173.031
36.1218,-5.57741,145.14
36.5048,-5.32627,138.605
38.6791,-5.8983,154.416
31.6777,-6.1164,161.097
37.5504,-6.72316,177.078
36.9899,-6.59418,173.681
39.6939,-5.99869,159.937
43.004,-6.03841,162.997
43.1114,-6.04294,163.119
42.5276,-5.95441,162.753
35.4307,-6.51252,179.135
31.8126,-5.84443,161.783
50.4229,-8.3716,233.226
42.4095,-5.84636,162.875
35.2503,-6.33412,177.603
32.5371,-5.82633,163.365
50.4247,-8.35377,234.232
35.2714,-4.77627,133.922
50.5343,-8.3357,235.244
44.1594,-5.98305,168.849
42.8432,-5.78436,163.242
35.2382,-6.25745,177.748
50.5332,-8.26363,234.735
36.2111,-4.98145,143.378
43.3085,-5.67842,163.438
38.4251,-5.47031,158.499
47.8504,-8.27475,241.366
37.1744,-5.41104,157.834
41.7666,-5.61329,163.734
42.6536,-5.58634,162.948
41.1399,-6.92978,203.502
44.3136,-5.96401,175.141
45.4782,-6.05467,177.803
47.8504,-8.1636,241.366
32.034,-5.21116,154.074
43.224,-5.5171,163.119
33.1653,-5.06154,150.676
43.4749,-6.23717,185.673
48.0222,-6.46391,192.423
39.945,-5.30818,158.018
39.5324,-5.14561,153.179
38.2336,-5.83163,174.799
32.2213,-5.44175,164.246
47.7978,-7.0909,214.022
34.9988,-4.81047,145.192
33.0842,-4.9609,150.781
45.4768,-6.55118,199.116
47.6118,-6.32354,192.196
43.423,-7.26573,222.39
35.3819,-4.40449,134.813
31.9732,-5.17199,159.428
35.0816,-5.26407,162.267
40.6463,-5.45979,168.3
44.834,-5.55641,171.278
33.0094,-5.37573,166.893
38.2898,-5.82243,180.761
31.9822,-5.12353,160.209
36.7395,-5.55882,173.82
38.4918,-5.30422,165.859
42.2007,-5.18315,162.073
40.1467,-5.26282,165.757
37.5151,-4.53837,142.94
44.7805,-5.39367,169.879
32.4455,-5.06213,161.783
35.3989,-5.01006,163.734
40.5754,-6.06975,201.397
45.0114,-5.12578,172.715
46.464,-5.19056,176.265
44.0709,-4.83357,166.75
32.9478,-4.8928,170.145
34.8181,-4.6145,171.45
35.917,-4.92594,184.601
42.5786,-5.52143,208.717
35.893,-4.72143,184.915
32.4468,-4.21463,166.568
43.3812,-5.60185,221.393
32.1905,-4.11809,162.753
38.3233,-4.85744,191.973
35.7421,-4.43284,176.801
35.4988,-3.35594,133.85
44.1306,-5.53006,224.69
43.0933,-5.42584,222.537
43.7889,-5.46792,224.263
44.6074,-5.39836,221.41
39.3004,-3.75978,154.205
34.5439,-3.23178,132.549
47.8776,-4.35988,178.818
40.0924,-4.83374,200.143
33.568,-3.76592,155.929
42.6594,-4.99661,208.878
34.5061,-3.1479,132.874
38.0527,-4.17821,178.094
40.5088,-3.74589,159.667
37.2464,-3.27491,139.591
41.0537,-4.43481,190.905
33.4136,-3.8453,167.186
35.3304,-4.03338,175.363
43.4127,-4.89457,212.806
40.4878,-3.68048,160.02
33.0113,-3.75233,164.794
35.7221,-3.85666,169.375
41.2156,-4.56411,202.493
36.9673,-3.36352,149.227
37.7278,-4.02596,180.461
35.5016,-3.22711,147.702
50.8845,-4.44661,203.517
39.0855,-3.7449,173.226
41.7478,-3.83944,177.599
37.6071,-3.38861,158.433
44.231,-3.9586,185.083
42.2749,-4.42448,209.116
42.2897,-4.41598,208.714
39.0855,-3.58535,173.226
39.1339,-3.56795,172.386
44.665,-3.93272,190.009
44.2831,-3.81688,184.413
35.965,-3.59617,175.703
32.588,-3.26962,161.567
34.1258,-2.82452,139.572
41.9188,-3.41806,168.901
44.7114,-3.33358,164.727
35.6184,-3.51696,175.789
43.1537,-4.20842,210.35
44.5933,-4.32938,216.396
36.0587,-3.48777,176.359
33.7054,-2.79978,144.947
37.0556,-3.383,179.418
35.8008,-2.89149,153.351
40.3453,-3.63294,202.569
33.4271,-2.94865,164.414
40.8392,-3.77864,213.433
43.901,-3.79209,219.913
44.4852,-3.28397,193.023
43.7812,-3.493,217.061
36.6805,-2.55103,158.525
38.863,-2.71778,190.719
46.8578,-2.82911,205.162
42.0368,-3.14382,235.861
41.0053,-1.95895,149.551
37.4038,-2.29054,184.601
45.1225,-1.64969,159.611
44.0637,-1.77347,188.373
36.8948,-1.66834,186.32
36.5793,-1.48912,185.373
41.2494,-1.64659,204.976
38.9151,-1.44454,190.759
39.7657,-1.43826,202.229
31.7048,-1.18296,171.897
35.3211,-0.297256,130.574
39.3385,-0.0918955,138.251
42.0599,-0.0987003,227.19
36.5287,-0.0564565,129.953
36.4526,-0.0263916,129.259
36.7315,0.0938302,130.888
45.441,0.11439,159.569
50.8533,0.665799,317.282
50.9166,0.878508,314.964
31.0651,0.577774,191.348
41.7055,0.899073,258.353
36.6134,0.617569,127.03
48.3368,0.823041,161.639
40.8361,0.817984,141.455
40.2396,0.851019,141.532
38.6665,0.874014,135.016
38.9265,0.902488,134.626
40.0208,0.978417,141.105
36.2254,1.70556,230.653
39.4823,1.00729,136.222
46.2624,1.21993,159.996
36.1814,1.87085,231.39
30.1627,1.55051,191.77
43.7414,2.1877,270.579
38.7749,1.1295,135.831
38.5304,2.09172,238.345
41.0075,2.48459,256.22
46.484,2.76864,285.512
30.1763,1.94739,187.468
34.4379,2.39133,225.211
41.9639,1.44552,136.137
41.1188,2.82194,254.718
41.1485,3.20083,271.961
50.6353,4.26649,336.196
38.56,3.16207,249.168
42.0683,3.58704,277.618
29.5216,2.32644,180.054
35.8042,2.97656,218.679
31.9173,2.74853,198.567
32.7503,2.87955,204.629
29.0468,2.8243,194.342
29.9548,2.89919,199.496
29.9915,2.89388,199.13
33.6991,3.08657,212.389
40.7661,3.96133,264.21
35.5634,3.34116,222.846
40.726,4.00032,262.774
37.9256,3.6992,239.374
39.0184,4.10075,261.462
39.8954,4.16083,265.293
40.5257,4.22398,265.423
40.6629,4.47623,269.572
38.816,2.41534,126.208
45.9242,2.91769,148.874
37.8269,2.46155,122.716
40.4588,5.61506,273.646
39.9602,5.84942,272.821
40.2822,5.85972,273.302
47.9772,3.65967,155.645
35.1837,5.04411,195.391
45.0841,6.43889,245.048
43.1734,7.02177,234.37
42.6018,7.05332,230.117
40.8551,6.79974,195.419
40.284,9.94988,275.031
35.331,8.90717,241.596
42.6764,10.7637,192.279
34.1789,7.72562,136.325
40.2604,12.4045,204.745
44.6461,11.2208,183.811
38.7276,12.6125,196.95
38.9213,10.2211,159.036
36.8142,10.5643,153.899
40.9603,12.8719,133.379
44.9625,14.3656,146.412
42.882,14.2153,139.637
42.1452,14.1607,137.238
39.2219,25.7147,247.555
36.8338,12.5141,119.942
43.1259,15.0076,140.431
29.7387,20.2459,187.429
32.0827,23.402,213.015
42.8865,15.3951,139.547
45.4185,16.8056,148.007
36.8887,13.8328,120.121
38.3986,14.5141,125.038
40.7407,-14.6691,156.493
31.1322,-14.3625,161.807
31.9204,-11.2531,164.722
44.1246,-11.362,166.316
31.5336,-11.154,164.602
43.7229,-11.1675,164.802
44.1568,-11.2083,165.404
44.1727,-11.1321,164.952
31.6745,-11.0329,164.154
43.7551,-10.9478,163.561
44.1992,-10.9909,164.204
43.7551,-10.8123,163.561
37.3819,-9.17111,138.735
36.0541,-8.79845,134.22
34.0444,-11.6674,178.739
33.7659,-11.4574,177.02
36.4171,-8.65526,134.878
33.4931,-11.1707,175.59
43.9961,-14.3551,230.653
43.1663,-9.74351,159.386
35.8938,-7.55265,132.533
36.5659,-7.68024,135.429
46.4087,-13.2504,241.9
36.0799,-7.05488,132.814
31.6171,-8.56802,163.857
44.3074,-8.53712,163.266
39.442,-7.58263,145.783
31.5504,-8.50827,164.453
39.4335,-7.38717,145.9
39.459,-7.2487,145.549
43.2136,-8.09223,163.392
39.4473,-7.22106,145.802
39.4642,-7.04856,145.568
38.0641,-6.90745,143.473
43.4043,-10.9241,228.211
42.3864,-7.8436,163.857
32.7973,-7.78846,163.65
42.2087,-7.6714,162.132
44.4409,-7.90932,167.16
39.9839,-6.99261,147.786
43.5103,-10.06,213.864
48.1811,-8.83699,187.863
34.6681,-8.52388,182.278
40.1351,-9.45617,202.214
35.8542,-6.30004,134.722
39.9921,-6.90531,147.665
32.8572,-7.48735,161.064
42.9736,-9.68773,208.397
45.1508,-8.282,178.158
45.1335,-8.22505,176.933
45.6511,-8.24794,177.425
49.6271,-11.6028,251.086
45.1192,-8.2002,177.453
50.8486,-9.17176,198.478
44.0811,-7.74244,167.547
39.6054,-9.52372,207.334
33.6114,-7.61973,165.883
40.9593,-9.17299,199.698
42.0674,-7.48602,162.972
42.9077,-9.475,207.521
37.5673,-8.15414,178.592
35.719,-6.50598,142.494
42.0244,-7.48139,163.857
34.9192,-5.90495,129.33
32.7806,-7.46406,164.473
35.1235,-7.96443,175.499
41.1324,-7.06527,155.686
35.8311,-6.05966,133.527
35.3702,-8.03807,178.207
41.042,-6.85641,152.946
46.5354,-7.74224,172.706
32.8128,-7.28446,163.502
42.912,-8.9478,200.836
33.3154,-7.28005,164.423
41.5645,-8.74876,197.594
48.1492,-8.4212,190.196
41.9616,-9.20549,210.538
43.9409,-7.49927,171.515
38.4881,-6.34964,145.222
32.7484,-7.11918,163.857
40.8732,-8.8366,203.386
33.4999,-7.13468,164.214
40.3713,-7.00507,161.231
45.0282,-7.53876,173.514
35.8419,-6.02673,139.601
37.9677,-8.08183,188.41
38.4266,-6.58283,153.465
38.4644,-6.4471,150.3
42.7993,-7.11991,165.985
42.6326,-7.0096,163.414
34.1318,-7.4115,173.903
41.5441,-7.05548,165.55
39.9784,-8.40019,198.388
33.5777,-6.9318,163.709
37.9865,-7.02818,165.985
41.7797,-7.01091,165.578
42.9247,-7.12507,168.274
36.9171,-6.13438,145.828
35.9577,-7.0601,168.944
43.241,-7.6468,182.984
50.5134,-8.11712,194.238
32.5221,-6.80225,163.857
33.3166,-6.77059,163.095
41.4638,-8.1084,195.321
40.9098,-7.91766,190.726
44.6865,-8.99642,218.164
41.6475,-8.03784,194.919
42.3785,-6.77741,164.353
42.5492,-8.73242,213.191
42.3937,-8.06952,199.701
34.6037,-6.4099,161.952
38.5331,-6.27062,158.433
35.4286,-6.03434,154.622
33.8155,-6.17259,159.292
36.9961,-6.72692,173.598
43.9569,-8.56845,222.709
42.4272,-6.56248,170.57
38.2188,-6.83601,180.269
37.6693,-5.74925,151.611
39.7411,-5.74008,151.369
42.9998,-6.00448,163.095
42.5242,-5.94959,162.826
32.303,-5.91843,163.207
47.4802,-7.90493,219.661
42.4275,-5.86488,162.972
32.4341,-5.8356,163.414
32.4593,-5.81587,162.861
42.8775,-5.81985,162.972
50.4257,-8.31957,234.788
43.3095,-5.70014,163.414
50.9591,-7.27542,210.24
35.2876,-4.83422,139.696
44.2978,-6.04215,174.602
46.1865,-7.99961,233.028
43.4625,-7.50688,218.674
37.1726,-5.41909,157.857
42.6975,-5.59469,162.972
39.8109,-5.38445,158.121
39.3234,-5.28951,155.333
41.7666,-5.57558,163.734
45.4804,-6.05169,177.715
33.0609,-5.5187,163.389
36.0162,-5.85228,173.265
42.2883,-6.1014,180.641
40.0905,-5.17397,153.183
41.9344,-5.34428,158.225
38.1859,-5.84355,174.434
39.525,-5.13512,153.287
32.1159,-5.43648,163.632
47.7865,-7.10893,213.971
35.3495,-4.87311,146.675
35.4539,-5.97683,181.405
48.3473,-6.97725,211.769
38.2132,-5.20024,157.834
40.5764,-5.39868,163.857
34.178,-5.63382,172.44
38.6897,-4.81457,147.365
38.2976,-5.85183,180.641
35.0794,-5.25738,162.291
34.9391,-4.69099,144.807
44.6789,-5.53029,170.715
38.2742,-5.81352,181.002
39.6261,-5.48193,170.678
42.2156,-5.20278,161.987
31.9955,-5.09764,160.091
38.5989,-5.07074,159.246
42.2017,-5.16726,162.277
40.1465,-4.86909,152.913
38.2389,-5.73068,181.547
35.6554,-5.17392,163.909
42.9212,-5.13882,162.797
32.4534,-5.05987,161.711
40.7049,-5.97136,194.273
35.1004,-4.9913,162.388
42.5153,-6.56617,217.536
38.9651,-5.83644,193.36
41.9365,-4.7682,160.916
38.0279,-4.23856,144.388
46.9911,-7.04142,242.147
38.771,-4.26729,146.748
41.0202,-5.4805,201.898
33.0286,-4.30538,161.904
46.3315,-6.08498,238.749
46.346,-6.06101,237.808
44.5665,-5.74686,225.482
38.3212,-4.84062,192.007
40.192,-5.01448,198.903
44.4598,-4.22919,167.754
43.4517,-5.45133,221.077
45.3034,-5.70817,234.117
33.2677,-4.1561,170.46
43.0474,-5.20836,213.618
40.8653,-3.91019,160.374
34.0292,-4.09867,170.031
34.8103,-3.90201,161.873
33.0089,-3.85572,161.807
35.6178,-3.27058,137.252
44.8978,-4.94915,210.13
32.886,-3.78459,164.546
44.1963,-4.72697,205.519
46.1292,-4.4379,192.951
36.9028,-3.34518,149.023
38.2288,-3.55865,162.534
44.6899,-4.06933,185.858
34.1782,-3.09086,141.168
34.4964,-3.01976,137.921
43.8914,-4.88262,225.853
37.9767,-3.64461,168.587
34.8133,-3.12952,146.635
41.8026,-4.35798,206.874
40.4147,-4.19609,199.189
35.6463,-3.59902,175.448
35.9582,-3.60601,175.789
34.6043,-3.02153,147.296
44.1617,-3.77182,183.872
38.0922,-3.20189,156.088
35.4947,-2.87301,140.056
40.4479,-4.218,208.43
35.5764,-3.56783,176.302
36.9547,-3.01329,148.9
35.6184,-3.50886,175.789
36.0903,-3.51227,175.96
44.59,-4.26217,216.526
44.1023,-4.16528,211.604
44.0306,-3.67636,189.424
36.481,-3.33128,176.675
45.1113,-3.64203,193.155
40.8482,-3.90259,213.224
35.4315,-3.13939,174.154
40.8374,-3.78921,213.475
33.6164,-2.99386,168.667
36.5564,-2.85256,160.706
44.4912,-3.14999,180.269
34.9077,-2.89058,179.625
37.3588,-2.97925,185.135
50.5168,-3.51401,218.366
33.4849,-2.32706,164.363
42.0403,-3.20759,235.758
40.7038,-2.61146,200.069
41.0041,-1.95234,149.572
42.6665,-2.58813,211.728
37.3222,-2.25468,184.449
43.7032,-2.57346,215.397
34.2751,-1.98784,170.32
34.1802,-1.89107,170.082
44.9513,-1.63611,159.005
41.163,-2.00267,205.676
36.9287,-1.42348,146.193
44.1188,-1.78508,188.683
41.4293,-1.69584,209.903
38.9151,-1.48846,190.759
47.3574,-1.79108,256.826
31.7236,-0.924261,173.864
44.292,-0.37269,163.709
43.1979,-0.3893,194.628
44.3089,-0.139453,155.82
51.2621,-0.170961,276.347
39.3197,-0.0477526,139.493
36.4089,-0.00855999,129.675
44.0147,0.0762829,156.764
38.765,0.0664656,136.589
38.8747,0.104198,136.577
41.5049,0.597708,246.903
42.0433,0.774203,260.372
38.8125,0.709853,238.73
38.8007,0.660662,134.619
41.7466,0.685852,139.752
39.1073,1.24486,240.136
36.8248,0.731526,127.519
39.315,0.831331,138.258
42.5482,1.64037,260.822
45.7519,1.00507,159.808
36.2254,1.70556,230.653
39.4837,1.00717,136.205
38.7537,1.02843,134.071
36.2288,1.83966,231.488
42.505,2.08479,262.333
35.8729,1.0334,125.665
37.1337,1.06662,129.705
43.6807,2.37402,270.512
41.2287,1.44107,145.837
40.8698,1.46275,144.005
31.6816,2.22303,207.561
41.2369,2.80572,255.377
29.8586,2.50521,198.127
31.2146,2.54892,201.584
42.0683,3.58704,277.618
35.8185,2.94339,218.459
29.9988,2.84698,199.057
48.4508,4.72158,323.869
41.5009,3.87274,265.644
29.5108,2.84121,191.263
45.0219,4.39161,290.234
34.6865,3.58568,232.721
41.3311,4.01935,260.868
40.491,4.22166,269.171
40.2577,4.20947,263.747
32.3961,3.54319,214.571
32.1422,4.49647,217.667
40.0205,5.80263,273.577
50.9131,7.42207,345.429
32.4667,4.72326,197.021
34.3504,4.59673,191.743
35.1944,5.05847,195.251
38.0883,5.87876,213.265
40.4522,8.0055,273.942
39.5926,6.40298,215.038
42.5427,7.02945,229.684
42.5522,7.14731,229.393
47.1358,9.54455,286.038
32.0458,6.59644,194.467
43.2528,8.68503,256.039
32.7924,5.453,156.922
29.0338,6.9386,198.099
36.2708,6.77163,191.819
33.4501,8.38821,228.662
33.009,8.34013,164.254
42.6764,10.7726,192.279
37.6968,8.5085,150.384
35.7496,8.13683,137.76
40.2677,12.3668,204.59
36.0312,9.04712,148.315
32.5999,11.3013,181.972
33.8249,9.73696,156.088
36.592,9.93517,156.493
36.5688,9.99569,156.764
35.1302,11.4463,178.739
32.4401,10.1559,158.59
38.9262,10.224,158.966
37.0617,10.5884,154.666
44.3348,15.0388,187.832
37.9609,11.9158,123.649
38.9037,12.4219,126.72
45.9776,15.2185,149.762
30.8548,20.1149,193.732
44.0118,14.9243,143.359
41.6005,27.5794,258.071
36.8004,12.8102,119.869
33.8899,23.1359,214.275
33.9279,23.0813,213.769
32.0686,23.4302,213.182
42.8801,15.3896,139.673
37.077,13.7197,120.879
49.688,18.7274,161.848
31.1356,-14.351,161.778
31.8856,-11.2136,164.542
31.5269,-11.1671,164.662
43.7172,-11.1868,164.952
43.7582,-11.1139,163.877
31.6875,-11.0923,164.363
31.8658,-11.0619,164.722
45.8225,-11.4533,171.396
43.7382,-10.9051,164.006
36.4191,-8.95706,135.384
43.7517,-10.7729,163.65
34.0744,-11.6969,178.586
33.7881,-11.4613,176.778
36.4058,-8.64197,134.671
37.5021,-12.5477,196.551
34.0444,-11.1735,178.739
45.8722,-10.37,169.481
36.5538,-7.79951,135.551
44.294,-9.30781,163.65
37.3727,-10.6489,195.194
37.1617,-10.3853,195.105
43.832,-8.49187,161.547
31.6071,-8.56361,163.946
43.8319,-8.45894,161.942
31.5241,-8.53088,164.363
39.4249,-7.38506,146.018
39.4556,-7.26713,145.595
35.0819,-6.57956,132.702
39.4352,-7.23281,145.877
34.665,-8.97898,182.314
38.7721,-7.05943,146.293
43.6429,-11,229.532
32.7786,-7.79691,163.828
41.7733,-8.82554,185.441
39.9675,-7.04495,148.028
49.6321,-9.01964,190.849
34.665,-8.55582,182.314
35.7009,-8.25072,175.813
38.0886,-6.76976,144.255
45.513,-8.36828,179.587
41.7996,-7.6356,163.863
50.3566,-9.163,196.642
44.9873,-7.88992,169.321
44.4643,-10.7259,231.832
37.2059,-8.70428,188.136
42.9688,-9.64833,208.541
34.7019,-8.35428,181.875
33.3033,-7.55813,164.542
33.4275,-7.48823,163.021
36.3532,-6.63235,144.388
50.9131,-9.07371,197.537
35.016,-6.12247,133.288
42.906,-9.4657,207.569
36.7777,-7.97309,174.838
46.9614,-8.53959,187.261
35.5897,-6.14684,134.791
34.9063,-5.90287,129.441
41.1675,-9.36129,206.783
48.3903,-10.7973,240.263
50.6519,-11.0831,246.623
50.4558,-11.212,251.346
33.4158,-7.32871,164.292
38.3216,-8.01298,179.631
32.5529,-6.85195,154.754
41.924,-7.34364,165.859
49.35,-8.49956,191.966
40.4548,-8.9297,203.203
41.3685,-8.98188,204.39
42.5038,-7.2844,165.763
33.5314,-7.1435,163.792
40.373,-7.03055,161.202
41.5468,-8.86996,204.936
49.6019,-8.3618,193.195
40.0912,-8.54952,199.057
38.4286,-6.59019,153.439
35.4122,-6.05689,141.022
49.6228,-8.26921,192.531
42.7057,-7.03514,163.798
36.9864,-8.03813,188.607
42.5283,-7.09612,166.503
33.593,-6.92777,163.828
37.9755,-7.02545,166.138
42.4939,-7.12769,168.556
36.1231,-6.03529,142.722
37.7383,-7.4449,177.448
44.5578,-7.16113,170.685
43.8783,-8.93585,214.682
36.8946,-6.02805,144.822
32.4309,-6.79431,164.542
36.6528,-7.61479,184.413
41.7485,-8.06812,195.391
42.1334,-6.75014,163.473
39.9554,-6.43251,157.041
48.1559,-9.2141,226.786
39.9866,-6.36057,156.553
36.1425,-6.76038,169.154
34.3063,-5.59947,141.278
39.7496,-6.76724,173.648
38.3592,-6.9802,180.649
37.9063,-5.89501,152.564
43.9494,-8.54204,222.983
38.2047,-6.91401,180.485
42.1844,-6.4524,168.435
44.0403,-8.51423,224.198
37.2042,-5.68653,149.739
42.9137,-6.20344,163.35
39.501,-5.54567,151.314
41.6812,-7.58484,210.766
42.4288,-5.86382,162.943
37.5124,-5.1321,142.61
36.8497,-6.10193,171.136
34.9021,-5.74336,162.592
36.7911,-6.49903,185.728
43.3158,-5.71903,163.437
38.0019,-5.74578,165.773
34.5969,-4.95179,142.865
40.7109,-5.58976,161.271
43.4625,-7.50688,218.674
41.8797,-6.10387,177.805
44.5311,-5.89333,171.672
35.8036,-4.69038,136.63
43.4435,-7.45598,219.31
41.3567,-6.95817,204.667
35.9641,-5.88675,173.153
33.8542,-5.515,162.218
38.2965,-5.17805,152.307
46.0359,-6.62664,196.835
35.0037,-4.57218,135.81
42.5001,-5.48089,162.802
43.2783,-5.4975,163.296
38.1745,-5.82024,174.602
40.0758,-6.76733,205.054
44.0962,-6.37596,193.195
38.7944,-5.30877,160.859
40.3492,-5.38105,163.049
43.9546,-7.24941,221.89
34.3694,-5.28813,161.859
35.0609,-5.30349,162.33
42.5243,-5.30178,162.277
34.3358,-5.24572,162.207
39.6163,-5.52487,170.839
38.7944,-5.2021,160.859
32.6888,-5.23811,163.65
38.8645,-5.13689,160.488
42.2017,-5.19417,162.277
37.7792,-4.56677,144.169
42.8947,-5.15255,162.662
33.3315,-5.21314,166.316
35.1456,-5.07712,161.976
40.3436,-6.36948,205.379
38.3942,-5.79522,190.946
35.9965,-5.51016,183.559
42.3739,-4.83102,162.732
48.1753,-5.34939,182.229
40.9259,-6.12965,211.194
41.237,-5.49002,203.076
45.3081,-4.62744,171.169
43.3113,-5.6677,212.251
41.2252,-5.36256,203.349
33.005,-4.27929,162.271
33.2459,-4.37313,170.107
35.3544,-4.49058,174.676
44.4326,-5.81855,229.29
42.86,-5.49976,216.727
36.3152,-4.62122,182.107
46.3441,-5.959,237.933
39.2838,-3.74976,149.722
43.3955,-5.45955,220.916
38.6795,-4.70568,193.001
35.341,-3.95343,164.383
40.854,-3.86181,160.573
50.641,-5.89585,248.575
35.2929,-3.91171,164.922
44.165,-4.03319,170.044
37.4946,-4.08499,174.669
45.7159,-4.00903,171.422
44.7832,-5.16898,224.198
35.402,-4.05256,175.775
41.3782,-3.98855,172.999
40.4903,-3.68834,159.977
37.0417,-3.50462,154.227
35.6953,-3.79981,169.693
44.3821,-4.24925,189.764
44.6576,-3.98104,180.459
38.8401,-3.74653,172.42
38.2288,-3.53171,162.534
34.8386,-3.15189,145.054
44.8146,-3.89845,179.412
37.0907,-3.93408,183.857
46.0364,-4.14719,193.817
42.9037,-3.84354,179.625
45.1042,-3.59657,168.084
45.2478,-3.70676,178.774
44.877,-3.89832,191.068
36.5567,-3.00592,147.329
38.4197,-2.89611,141.947
37.2233,-3.70952,184.818
32.777,-3.24506,161.678
44.9696,-4.40894,219.665
40.9636,-3.99034,198.809
38.0963,-3.1318,156.034
35.146,-3.43334,173.931
35.2984,-3.34403,169.407
35.9532,-2.93668,153.943
33.8837,-3.07762,164.184
45.2413,-4.35091,236.292
33.3346,-2.97206,167.438
43.3862,-3.79249,213.66
37.4472,-2.92065,164.542
45.4136,-3.20513,184.006
33.3211,-2.46939,144.518
37.6408,-2.50822,152.718
42.7301,-3.54235,220.128
32.681,-2.60692,161.998
34.0492,-2.36964,147.253
35.8673,-2.48751,157.83
46.6294,-3.31458,229.631
35.227,-2.49592,172.915
34.4432,-2.12816,150.903
43.1667,-2.23183,162.064
42.0142,-3.16851,235.758
43.1755,-2.78252,212.275
46.9447,-2.70385,206.274
40.6665,-1.94094,148.072
34.9126,-1.943,152.077
33.4309,-2.05556,165.173
42.4149,-2.551,210.595
42.661,-2.42934,212.166
32.4642,-1.74448,161.721
44.9495,-1.66305,159.061
36.42,-1.90893,194.942
34.1325,-1.67051,170.595
32.5463,-1.56949,160.278
44.9548,-1.55593,158.894
39.1371,-1.58314,167.338
33.8313,-1.29576,166.064
47.3036,-1.83048,256.381
42.9969,-1.56278,218.886
44.5195,-1.12,217.466
42.0346,-0.956811,185.781
43.1402,-0.421003,194.369
45.8266,-0.36673,169.312
44.3069,-0.130885,155.873
51.2268,-0.140573,276.651
36.4489,-0.0228514,129.435
39.7103,0.0688635,141.517
38.7583,0.0665057,136.671
45.446,0.235465,158.954
41.5119,0.529051,246.701
31.8875,0.494552,199.732
41.386,0.718867,256.038
32.2402,1.06936,195.843
45.543,0.914128,157.83
29.6868,1.11776,182.537
36.2801,0.781562,127.635
39.9658,1.59275,246.746
45.954,1.03632,160.545
30.3555,1.37627,193.346
39.0024,1.00578,135.008
39.4639,1.01419,136.137
42.4897,2.13261,262.866
36.4172,1.03578,127.671
30.9873,1.69984,193.691
43.675,2.37615,270.754
41.2259,1.47378,145.884
36.6363,1.30511,129.189
29.9208,2.11413,196.38
41.0556,2.82438,254.516
34.3502,2.89452,226.932
38.5028,3.17494,248.917
42.059,3.44203,256.52
48.4486,4.67458,324.333
29.9988,2.86899,199.057
41.1199,3.79086,263.019
40.4076,2.84128,192.702
41.4457,4.03088,267.37
47.6651,4.51041,299.178
33.6565,3.4792,225.81
40.8555,4.12256,267.567
47.6512,4.6372,300.968
39.4853,4.03987,246.299
51.7356,7.38679,351.009
34.7186,4.58733,211.324
39.9562,6.10567,272.931
45.5031,3.45307,152.102
36.1453,4.51243,195.904
41.7909,5.90775,252.841
48.208,5.95525,254.874
40.2267,5.39384,224.476
39.7698,5.38407,215.162
48.2839,4.15847,166.184
39.1012,5.58401,217.391
34.6743,5.99119,221.79
45.9239,4.14211,153.339
35.8326,5.54421,200.326
49.0135,8.6639,295.355
41.952,6.95764,234.537
37.0012,6.98115,232.728
42.8853,7.21868,240.646
34.7714,5.66334,188.797
36.961,7.15756,233.448
42.9552,7.11255,231.98
33.6099,6.27002,194.01
42.8617,7.62915,229.016
43.2515,8.63096,256.535
43.1379,8.47654,249.486
34.3874,6.60774,192.603
33.3372,6.80907,196.572
34.7101,6.68457,192.978
32.7738,5.49184,157.041
45.0824,8.86465,251.107
37.5195,7.51614,208.982
42.0183,9.57276,263.734
28.8974,7.24657,197.839
39.2046,8.89149,240.57
36.8836,7.5773,203.19
38.3535,7.58837,203.487
43.6972,8.76877,233.067
33.971,7.11605,187.487
30.9959,6.46917,170.444
47.3948,8.77016,227.1
39.0276,7.85511,190.332
45.1133,6.46714,156.701
47.3428,9.63643,231.632
38.5569,6.16622,144.757
40.1256,6.4065,139.536
33.4774,10.1479,207.536
39.4554,10.0043,200.519
44.8031,11.3221,226.933
38.9763,9.83199,194.482
36.9835,7.90464,156.358
36.7598,9.30292,182.817
43.04,9.29854,182.731
37.5266,12.5582,233.118
36.604,8.73291,160.138
37.6953,8.79658,159.367
42.6764,10.7407,192.279
36.4167,8.40023,150.38
39.1304,8.81957,156.034
33.0547,11.6193,202.011
36.5079,8.30306,141.102
36.907,9.23347,156.034
40.6722,9.27852,156.796
35.2987,10.872,179.697
44.6317,11.1507,184.303
33.7744,9.69808,156.855
31.9898,11.1168,178.842
32.0018,9.99224,156.574
35.4701,12.0722,188.188
43.1177,14.0809,219.501
31.0844,12.6812,192.702
37.2696,10.6527,155.605
38.1252,10.8379,156.791
33.6555,11.1313,158.004
38.0119,11.0649,156.325
40.6429,11.4019,156.683
40.672,11.3665,156.196
35.2843,11.2174,149.383
29.859,14.8531,181.014
34.2317,17.0286,206.692
29.0147,15.861,187.98
31.8682,13.3844,156.174
43.358,28.5261,272.711
44.1465,29.7835,279.417
29.7661,19.771,184.908
41.939,28.6462,265.445
44.141,30.0244,278.215
32.0392,23.3467,213.065
40.9322,15.6994,140.72
49.4994,-23.3109,255.524
31.1396,-14.3694,161.744
45.1809,-16.0595,235.65
31.8817,-11.216,164.578
43.7094,-11.1627,164.758
36.4669,-9.16224,136.031
45.8443,-11.2807,170.505
46.3616,-15.9682,242.815
43.7666,-10.7364,163.26
46.1684,-15.7092,241.803
46.8379,-11.2479,174.2
35.9311,-8.53766,133.045
38.493,-12.6426,202.024
31.5373,-9.88044,164.148
35.9311,-7.53184,133.045
38.3886,-10.7067,201.898
31.5683,-8.56485,163.97
39.4515,-7.608,145.652
36.861,-9.81778,193.864
39.427,-7.39331,145.99
36.5468,-6.83253,138.173
39.4393,-7.21067,145.82
34.665,-8.94271,182.314
31.7057,-7.91431,162.668
34.665,-8.72509,182.314
43.8115,-9.2968,194.26
44.5905,-9.33406,196.674
46.9434,-8.34782,175.893
36.7506,-6.45828,136.08
34.665,-8.58,182.314
45.7224,-8.25943,175.502
37.2965,-6.65606,141.433
44.4626,-10.8215,231.903
33.5735,-7.6478,163.892
47.1452,-8.28013,177.443
39.9577,-6.9143,148.173
32.3596,-7.57305,163.686
33.3433,-7.60439,164.363
33.69,-7.56484,163.508
37.5502,-6.85686,148.206
36.8666,-6.70049,144.826
37.9502,-6.8546,148.157
35.024,-6.1634,133.217
34.7093,-8.3382,181.787
42.5656,-9.43917,205.79
46.9591,-8.59566,187.4
36.3532,-6.62277,144.388
39.8226,-7.08692,154.507
39.7355,-6.75859,147.349
38.0138,-8.21451,180.658
36.347,-6.49242,142.785
38.7306,-6.66818,146.65
40.4625,-9.15139,203.039
35.7355,-7.83223,173.771
36.0574,-8.21423,183.869
32.8224,-7.31412,163.721
38.0138,-8.07075,180.658
32.4853,-6.80694,152.368
43.9433,-7.76041,173.711
48.1673,-8.4138,188.337
38.5059,-6.43608,145.362
46.1067,-7.6038,171.735
32.772,-7.10235,161.864
33.488,-7.18695,163.792
43.9482,-7.51669,171.307
32.9526,-7.05354,163.721
39.7405,-6.83261,158.593
34.1046,-7.42336,173.911
37.9966,-7.07908,165.845
35.2143,-5.8864,137.904
43.8009,-7.25396,169.942
39.9054,-6.66024,157.501
44.153,-7.1449,168.962
33.6047,-6.885,164.363
33.9133,-6.67558,159.363
51.0706,-9.06986,216.521
42.1974,-6.85811,163.721
36.6593,-7.64774,184.322
33.0618,-6.77532,163.296
42.6768,-6.956,167.65
32.4607,-6.77462,164.86
41.7464,-8.03133,195.442
42.393,-8.12212,199.584
38.4354,-6.11586,150.284
33.034,-6.17061,154.654
40.6805,-7.57074,189.745
43.4025,-7.12573,178.592
37.6802,-6.43118,164.465
38.2356,-6.96748,180.011
45.2046,-6.9107,180.398
44.9229,-8.66678,228.614
37.1941,-5.68111,149.858
42.9091,-6.19663,163.456
31.3792,-5.79968,159.69
42.4541,-5.85352,162.957
36.8553,-6.08391,171.268
34.889,-5.71594,162.732
41.321,-6.26319,180.355
38.072,-5.45811,157.172
40.6701,-5.60957,161.534
35.6143,-4.72563,136.08
35.9256,-5.90576,172.034
34.9972,-5.10219,148.626
41.096,-5.56818,162.2
42.4676,-5.61308,163.508
43.4435,-7.44144,219.31
31.9928,-5.3722,158.327
40.3219,-6.58928,194.196
33.6407,-4.88056,143.837
41.0078,-5.45757,160.843
40.5673,-5.25949,155.005
38.205,-5.8561,174.636
41.8595,-5.44613,162.41
43.2991,-5.47299,163.211
38.4653,-5.58251,168.476
38.707,-5.32103,160.585
40.5698,-5.42495,163.721
40.1159,-6.72421,205.398
32.393,-5.3534,163.525
34.3727,-5.29773,161.825
35.0421,-5.3114,162.242
42.493,-5.30729,162.117
32.7076,-5.28664,163.473
34.3324,-5.24684,162.242
36.1832,-5.04609,156.034
42.1715,-5.25091,162.368
38.8986,-5.12934,160.585
35.0511,-4.26492,133.522
42.8947,-5.13098,162.662
40.3437,-6.38166,204.896
40.2902,-6.31729,205.454
42.1916,-4.78631,161.95
42.8824,-4.81325,162.861
37.4091,-4.18626,141.646
34.0793,-5.11877,175.562
36.2162,-4.84998,178.525
38.6749,-5.32249,198.83
41.2502,-5.41139,202.151
36.2275,-3.66095,136.761
44.6311,-5.72549,220.438
43.6192,-5.71188,223.335
44.468,-5.75276,224.933
32.2679,-4.08485,162.242
42.5188,-4.07798,161.969
46.3464,-5.89217,237.783
43.3974,-5.38472,220.851
41.1763,-5.01774,205.799
37.5004,-4.1873,174.589
40.8462,-3.85444,160.71
35.6449,-4.12807,175.023
37.4656,-4.1293,175.075
42.841,-3.79171,160.761
38.6434,-4.47854,193.14
37.2455,-4.29093,185.05
37.5004,-4.04837,174.589
39.4208,-3.75824,164.906
46.8335,-4.44276,194.942
40.4863,-3.64745,160.045
35.6986,-3.79895,169.655
44.3906,-4.24284,189.478
44.5668,-3.96206,180.14
37.0184,-3.96422,183.559
38.3801,-3.68172,170.478
44.5551,-4.04542,187.319
33.732,-3.0273,140.176
32.8065,-3.42147,161.401
36.5364,-2.88487,136.088
34.7935,-3.01748,145.067
33.2829,-3.30848,162.159
44.2427,-4.38096,214.724
44.722,-3.88815,190.57
42.0049,-3.48087,170.608
36.5593,-3.00533,147.3
36.7927,-2.77142,135.835
36.9634,-3.67386,183.648
35.3291,-3.48389,174.152
44.9637,-4.39949,219.921
39.431,-3.2352,161.721
44.8186,-4.34882,221.8
35.3017,-3.32082,169.369
38.7467,-3.38645,172.717
43.8282,-3.60583,187.715
45.4934,-4.1454,220.369
31.9745,-3.01066,167.116
43.2886,-3.75201,212.97
35.7847,-2.7661,157.009
39.5808,-2.82766,160.503
39.6811,-2.69374,160.135
44.7613,-3.18114,193.691
44.6818,-2.84285,173.093
32.3279,-2.66896,166.54
33.905,-2.33299,149.282
39.8159,-2.22572,146.139
35.009,-2.491,172.574
36.347,-2.06101,142.785
37.7293,-2.13272,147.753
46.9988,-3.23923,230.772
44.7577,-2.75166,196.036
41.4157,-3.1696,232.399
44.6363,-2.15041,162.409
34.9366,-1.95499,152.225
37.5833,-1.76131,137.144
39.9249,-1.98915,159.836
35.2746,-2.11133,175.258
40.2569,-1.74674,149.946
35.2541,-1.97462,175.502
36.7936,-1.56141,143.865
42.858,-2.44358,233.713
42.9755,-2.40337,229.868
50.6798,-2.64309,252.796
44.5339,-1.77338,176.323
44.9527,-1.59875,158.961
36.7522,-1.47322,182.599
41.3454,-1.63474,202.618
36.5242,-1.25323,163.389
45.2037,-1.78107,244.912
42.3075,-1.56576,215.304
48.7369,-1.84301,268.098
35.0322,-0.949117,146.548
34.2574,-0.89562,169.534
39.0562,-1.0072,190.656
35.9579,-0.546863,133.735
43.1974,-0.435555,150.426
37.9695,-0.359196,171.072
44.1317,-0.342102,162.93
45.418,-0.144899,159.931
39.9787,-0.109586,215.674
45.3822,-0.0177615,161.159
44.2167,0.0622145,216.267
37.5214,0.0384394,133.621
45.418,0.046008,159.931
45.4686,0.172746,159.439
38.907,0.201541,136.051
39.3635,0.533963,234.488
41.9274,0.710594,140.367
32.2448,1.06908,195.792
45.5402,0.862337,157.929
32.7369,1.22358,208.867
41.8188,1.61193,257.659
45.7258,1.00591,160.79
45.9557,1.00395,160.476
30.3354,1.36485,193.545
42.5002,2.06001,262.501
36.0844,0.982032,125.137
38.795,1.05001,133.799
45.6882,1.32101,160.21
35.731,1.93124,223.434
51.3862,2.88374,318.951
36.2648,1.26149,128.238
36.2927,1.25893,127.977
33.8713,2.45224,222.309
43.3975,2.97132,269.366
45.822,1.79627,157.172
40.4489,3.27096,267.575
37.9537,3.09579,245.262
44.4232,3.70897,276.415
33.1384,2.71308,202.195
29.3098,2.76318,194.4
29.353,2.66194,187.277
39.5022,3.4765,244.584
48.4506,4.733,323.915
40.7684,4.0058,266.88
32.5589,2.33575,155.616
47.6512,4.6372,300.968
40.7488,4.22715,267.448
35.6246,3.60067,222.217
40.7605,5.13353,270.347
39.6386,3.73677,192.751
45.5236,3.24912,154.881
39.9996,5.80896,271.751
34.7186,4.60135,211.324
39.3033,5.12217,235.244
39.4491,4.65382,213.734
51.494,7.82001,352.701
39.2817,4.85768,207.9
32.4522,3.95485,169.26
32.5454,4.94174,204.531
39.7071,5.82537,241.104
37.7818,4.94209,201.232
43.8041,6.2741,243.628
48.7316,6.82884,265.168
44.5592,7.25057,277.261
43.8295,3.9435,146.346
37.2757,3.31858,123.154
39.4083,6.51179,238.14
35.7605,5.55455,200.219
40.6915,8.08756,275.707
34.9595,5.81954,195.735
40.2644,6.50001,218.622
34.3901,6.65884,207.317
33.1073,5.0346,156.748
37.4063,4.09316,127.437
31.6355,5.90414,181.571
35.3443,6.24026,191.907
31.9382,5.67879,170.469
32.1592,6.58278,195.273
38.7235,7.73958,229.588
35.588,7.01491,205.664
37.45,7.16781,210.147
35.499,6.60286,193.583
33.3375,6.47178,185.415
32.781,5.47915,156.976
33.4585,8.06822,228.547
32.6042,6.09171,172.559
40.7177,8.19294,226.963
34.7426,7.96854,218.34
38.9912,8.58045,230.09
30.9746,6.36801,170.762
36.0328,7.12672,191.107
34.1278,8.31431,218.295
31.7552,6.4954,168.776
36.6911,5.22092,135.66
32.7728,6.10222,156.937
42.2498,6.24426,157.369
41.903,6.23662,155.616
40.383,8.1358,197.133
45.4394,6.51238,157.797
41.9369,6.68257,157.369
32.5313,6.85326,156.976
39.3531,6.24686,136.85
31.8653,9.38031,200.258
36.536,11.3873,241.057
41.0143,13.3186,272.75
35.1169,10.6436,217.969
31.6234,8.05403,164.938
39.4778,9.92995,200.094
39.4442,10.0415,200.733
31.4805,7.96437,156.717
38.5999,8.31671,163.65
36.0544,9.39455,182.009
41.43,8.74201,169.367
34.4244,10.7426,206.534
39.1128,8.14458,156.585
39.0369,8.21712,156.78
34.45,10.8891,206.195
38.7167,13.0098,240.907
38.7427,12.7349,235.817
40.3074,8.52438,157.849
37.4936,8.91822,163.934
34.8213,11.1846,202.63
38.6063,9.00412,163.127
34.6248,8.73499,156.002
36.4194,8.4185,150.35
38.2228,8.6016,152.536
45.9021,9.0013,159.624
29.982,10.4614,182.936
42.8248,11.7121,201.995
34.4184,9.51332,162.955
35.8004,9.15422,156.804
35.7114,8.11899,138.13
36.9038,9.24303,156.196
39.1069,9.37432,156.312
35.6186,11.3804,188.512
36.4194,9.13638,150.35
39.4533,11.308,183.68
41.2276,14.2707,230.316
33.7684,9.7052,156.634
36.5599,9.9514,156.585
33.7662,11.4526,179.085
32.0056,10.0109,156.542
47.6091,15.5906,242.284
36.9632,9.70768,150.861
37.4407,10.2705,154.82
36.7673,12.076,176.738
37.308,10.646,155.809
37.9165,10.74,156.274
30.2265,12.2982,175.892
38.9636,12.923,183.782
39.0591,12.9551,183.202
38.007,11.0591,156.39
43.7186,13.1587,185.039
35.6177,16.2255,224.4
34.0142,14.0468,192.153
32.0062,11.7157,156.85
41.0503,13.3369,178.554
43.8875,13.9957,186.382
38.5813,12.2621,163.296
34.7023,11.8651,156.351
38.0178,11.8327,155.925
33.0562,15.8612,203.67
35.7902,17.3485,220.515
37.9661,12.3123,155.712
35.2697,11.9425,149.531
33.1801,16.8197,208.52
36.6402,12.7181,156.131
32.4363,16.1219,196.955
33.3965,16.5997,201.811
37.1494,13.0803,157.5
28.9833,15.9346,188.262
31.8179,13.2599,155.927
31.8179,13.3839,155.927
45.0281,13.565,156.585
35.0088,19.0763,216.23
32.1156,14.6139,163.437
44.3159,17.0761,190.128
44.7143,15.1209,155.925
45.3132,16.1632,158.233
29.9543,19.401,189.193
41.9645,16.1867,157.238
35.3136,24.8195,232.992
44.128,29.8761,279.417
29.7462,19.7904,185.09
37.1035,14.7228,137.184
39.0349,26.6247,247.168
44.6744,16.8044,156.002
44.1431,30.0686,278.112
32.0392,23.375,213.065
45.0686,17.2907,154.799
49.4994,-23.2295,255.524
49.4957,-22.9091,257.407
31.5593,-11.2654,164.535
44.2439,-11.2767,164.699
31.8817,-11.1898,164.578
35.2319,-9.02937,132.803
36.4653,-9.18075,135.984
42.1734,-14.391,220.972
45.8685,-11.0385,170.747
35.3,-8.38768,130.708
35.8653,-8.01473,132.801
31.547,-9.82306,164.063
31.757,-9.65883,163.934
43.8164,-9.15565,161.957
37.8378,-10.8693,197.268
34.9715,-9.77063,183.696
31.5758,-8.5563,163.806
39.4417,-7.61505,145.787
43.3626,-11.6003,228.344
39.8338,-7.49307,147.496
43.7274,-11.53,229.114
37.1695,-7.00908,140.612
35.4717,-6.47295,131.113
42.332,-7.72528,159.566
40.4319,-7.27957,151.857
32.7312,-7.77012,163.721
44.5888,-9.33698,196.736
45.0853,-8.00785,168.73
43.0737,-7.56944,159.493
34.6783,-8.55805,182.156
35.536,-8.21383,174.829
33.5649,-7.70398,163.977
32.4187,-7.61377,163.721
32.7684,-7.60427,163.517
34.8084,-6.38899,137.384
49.6266,-9.00705,193.681
47.1042,-8.25707,177.554
34.7049,-8.36955,181.84
35.5378,-7.93551,172.409
44.354,-9.85851,214.189
34.5956,-6.17998,134.268
36.665,-6.41889,139.459
44.85,-7.65724,166.364
45.6932,-8.30854,182.406
34.9536,-6.33159,139.004
51.1139,-11.5512,256.282
44.5821,-9.77116,216.789
35.8087,-6.38217,141.599
34.9684,-7.95196,178.316
32.8299,-7.30565,163.823
37.8506,-8.02179,179.882
41.3724,-8.65047,193.98
38.9658,-6.79436,152.358
48.1555,-7.99403,179.26
38.4854,-6.41146,145.328
32.9366,-7.10478,162.805
33.4867,-7.15592,163.977
42.0281,-7.14474,163.721
39.7379,-6.84696,158.633
40.2087,-8.75201,205.038
32.9656,-6.9884,163.721
35.1116,-5.87106,137.545
44.0751,-7.30162,171.059
33.6175,-6.93189,164.234
36.6738,-6.77266,160.462
44.1467,-7.13912,169.144
45.2305,-8.86945,212.544
38.1731,-6.75814,161.95
45.7826,-7.25361,173.823
37.3663,-7.82231,189.621
32.5648,-6.75177,163.67
33.0966,-6.73284,163.211
40.7236,-7.85906,190.512
39.8564,-6.46498,156.718
37.6498,-7.23017,177.319
42.9357,-7.9627,199.968
39.3323,-6.44883,161.95
38.458,-6.98465,177.535
42.0304,-7.21996,183.516
37.5599,-6.87507,176.896
44.8996,-6.93334,180.614
34.9553,-5.35663,139.541
44.9111,-8.661,228.462
39.8735,-5.80221,153.052
36.7792,-5.42361,144.89
31.3839,-5.82362,159.649
34.8004,-6.32699,175.749
37.7766,-5.22013,145.003
44.0773,-6.03552,167.652
34.9281,-5.76576,162.312
41.3185,-6.23627,180.407
38.0601,-5.43853,157.33
40.8638,-5.60691,162.2
44.8942,-5.97874,172.957
39.695,-5.23819,151.534
39.9674,-6.86435,201.358
31.9792,-5.40148,158.446
40.3189,-6.62223,194.256
34.8864,-5.69072,166.931
41.096,-5.52946,162.2
41.1854,-5.51035,161.64
35.9799,-5.52211,164.286
41.9089,-5.45708,162.351
37.3534,-4.73266,140.799
38.4746,-5.57803,168.341
38.0421,-5.22101,157.566
40.5649,-5.42778,163.806
42.4775,-5.3829,162.452
37.0489,-6.09574,186.655
41.6298,-6.40304,196.064
35.0034,-5.3122,162.662
32.7072,-5.2522,163.211
39.6378,-5.50067,170.932
38.9043,-5.16504,160.503
35.537,-5.17808,163.331
42.1796,-5.14223,162.2
48.1623,-5.81822,183.523
40.35,-6.3938,204.762
35.4085,-5.10403,163.457
42.9183,-5.07894,162.654
40.2902,-6.31729,205.454
32.9163,-5.05051,164.255
42.2047,-4.82647,162
42.9293,-4.83844,162.402
34.0837,-5.14528,175.513
50.8343,-5.16913,191.96
37.4324,-4.89047,191.815
32.5383,-4.16949,163.536
43.4706,-4.19276,164.449
46.7962,-4.46121,178.318
41.4376,-5.07237,210.792
32.5604,-3.80503,161.326
42.3256,-4.89985,207.745
37.4969,-4.11898,174.637
40.8368,-3.79437,160.875
42.9309,-3.89379,165.09
44.8272,-4.71954,213.038
37.7269,-3.57476,161.363
40.4839,-3.54646,160.086
51.1563,-5.49406,253.463
38.838,-3.73806,172.451
41.8619,-3.81107,175.82
48.0803,-4.21663,194.53
36.7949,-3.18995,147.165
32.8065,-3.42147,161.401
44.1494,-4.50917,212.711
47.3584,-3.73715,176.293
34.4022,-2.97016,143.34
43.069,-3.29867,159.194
46.6479,-4.58133,226.31
41.201,-3.55288,175.506
39.4564,-3.27592,161.825
37.0129,-3.04326,150.332
37.3929,-3.05086,150.707
45.252,-4.6517,235.337
35.0216,-3.44613,174.345
44.8857,-4.34451,219.796
37.8827,-3.20925,162.361
44.1106,-4.0899,212.037
38.757,-3.34065,173.193
45.2658,-4.43933,235.994
46.6479,-4.25716,226.31
37.0584,-3.31785,185.809
43.6077,-3.72845,214.54
44.7193,-3.40751,196.073
39.4024,-2.77587,159.728
45.2113,-3.30199,195.369
41.9089,-2.66643,162.351
43.9102,-3.6057,226.115
36.5564,-2.89513,181.554
34.1533,-2.39794,150.375
40.0779,-2.27548,147.101
38.1569,-2.16946,149.474
44.8618,-2.36508,168.496
39.7655,-2.03797,145.191
36.4747,-2.16841,159.924
36.6599,-1.73287,132.467
44.369,-2.43666,193.324
35.1667,-1.62972,129.301
32.9697,-1.98563,163.742
39.9003,-1.93892,159.89
33.0175,-1.83626,164.368
42.3215,-1.84868,165.479
35.7788,-1.48792,133.187
32.7891,-1.82839,178.961
42.8215,-2.33908,228.947
37.408,-1.51128,147.923
32.9283,-1.57775,162
35.731,-1.38654,142.366
48.049,-1.84005,188.932
44.9553,-1.54737,158.88
38.5182,-1.91224,206.466
33.7872,-1.33572,144.218
50.3688,-1.78669,203.396
35.4716,-1.44625,174.104
41.7945,-1.36769,164.647
40.3403,-1.56859,200.347
35.1716,-1.35795,173.444
35.5452,-1.24361,158.84
35.3819,-1.40873,191.615
40.4559,-1.52986,222.545
36.4246,-1.13832,177.948
36.7101,-0.992257,155.115
34.5502,-0.924557,144.532
32.0436,-0.956743,175.808
49.7699,-1.33879,246.012
50.559,-1.10981,223.548
50.4969,-0.843453,187.976
35.7097,-0.379745,124.318
37.2564,-0.352576,167.919
50.495,-0.439137,209.145
42.6233,-0.171861,150.132
39.989,-0.143762,215.452
37.5182,0.0522408,181.597
37.5134,0.038464,133.707
31.9461,0.119694,156.433
38.9022,0.234122,136.11
34.2341,0.447944,203.836
40.8051,0.682915,255.291
39.0751,0.646244,241.583
34.9434,1.17943,212.898
46.0686,0.885547,159.85
41.7667,1.67712,258.224
45.7258,1.0443,160.79
30.1176,1.33773,191.863
45.6807,1.2691,160.094
40.2799,1.10611,139.533
45.7113,1.24906,157.566
36.2687,1.2588,127.964
40.6629,3.0108,267.163
38.9974,1.50745,133.764
29.1913,2.35935,193.003
40.6559,3.34054,262.995
31.1935,2.50476,190.051
39.2832,3.30709,242.155
29.3094,2.74767,194.397
36.4736,3.39779,240.392
32.4674,2.92345,206.833
32.9988,2.30719,157.899
40.4631,4.08841,270.948
40.6901,4.14865,266.506
41.9141,4.11896,264.6
32.0728,3.20031,199.468
32.7789,2.6785,157.566
49.4677,6.20404,328.098
32.5007,3.06388,158.041
43.0259,5.39479,259.128
45.8031,3.24426,155.832
40.5906,5.86333,275.32
43.3199,5.62084,263.933
40.0942,2.92402,137.301
30.6552,3.99703,183.57
32.5264,3.83549,176.151
40.6092,6.18915,278.147
43.236,5.52423,248.265
37.4566,5.29472,232.951
33.0545,4.15418,179.011
42.9742,5.2781,227.442
31.9836,3.8696,166.747
37.1862,2.88445,124.296
39.0534,5.81655,240.739
38.7816,5.22298,216.171
37.693,5.82773,236.527
37.7934,3.20977,130.273
36.9725,4.95222,197.172
44.0932,6.2737,245.127
39.4732,5.48538,214.326
33.0172,5.35348,205.341
37.5061,3.34852,128.438
41.9207,7.11156,267.869
38.2228,6.2738,236.314
45.3899,4.26353,157.756
46.417,4.18642,154.903
35.9951,5.53302,201.175
31.9459,5.56723,192.398
41.2696,7.15097,247.131
40.6108,6.574,219.933
35.5326,6.79158,223.64
30.0327,5.52465,181.921
34.116,6.91143,217.335
36.0331,6.90122,217.014
31.5937,5.87182,181.912
42.8514,7.51013,232.668
33.1304,5.07072,157.094
45.3383,4.98705,154.502
32.5188,5.77803,173.863
42.3807,8.96512,265.943
51.3637,10.2514,304.1
30.4427,6.00918,175.768
45.8547,8.8087,257.653
33.4645,7.91984,228.464
32.2145,6.07924,175.368
32.7896,5.43896,156.898
31.4531,5.85016,166.467
33.4284,8.26512,228.963
37.3569,7.51671,208.23
39.3208,9.05182,247.483
30.1734,6.87163,185.454
30.1609,6.59785,178.065
33.0247,7.18384,193.88
33.0873,7.15736,193.165
39.8207,7.84866,211.822
30.8009,6.37564,169.879
29.4029,7.25281,188.456
36.694,5.2198,135.63
32.7814,6.11166,156.858
42.2537,6.35379,157.29
45.7648,6.34109,156.976
42.3565,8.4577,206.927
41.8889,6.73098,157.33
32.5307,6.8709,157.094
38.2164,6.06308,132.824
30.2008,8.80538,188.947
29.3321,9.10167,193.324
39.4988,11.9988,244.925
31.6283,8.07816,164.895
32.0407,10.5458,213.187
34.2726,7.34126,148.406
41.926,10.917,218.582
39.4476,10.0224,200.669
42.9064,9.36804,185.792
31.4805,7.97684,156.717
36.9178,7.97211,156.624
44.735,11.6869,225.378
39.1015,8.10956,156.39
31.0865,9.83061,186.152
34.9369,11.4442,212.858
38.267,9.08188,167.433
39.9073,8.4956,156.624
33.3529,10.7477,194.716
36.9018,8.60657,155.925
38.7484,10.2524,184.149
38.021,8.733,156.858
34.6152,8.76053,156.015
39.1177,8.84308,156.157
43.4942,8.57472,151.418
45.8179,8.85628,156.39
33.1313,8.93095,156.39
29.9267,10.5301,182.865
33.0808,9.03259,156.858
32.1746,9.10521,156.819
38.3158,9.55479,161.9
40.5918,9.24612,156.67
35.6186,11.3954,188.512
32.9631,10.1362,167.682
32.5226,9.4938,157.054
39.1177,9.43957,156.157
36.0089,9.57442,155.925
36.3926,12.5865,203.396
33.7306,9.69979,156.748
38.8776,9.75234,156.39
45.4587,10.0199,158.257
32.9769,12.8542,201.503
36.5441,9.99127,156.624
33.7749,11.5175,179.207
31.5741,10.3227,160.617
32.4394,10.1852,158.479
38.1667,10.0211,155.925
29.9185,12.1889,185.52
37.7764,10.3343,156.157
35.7168,11.69,171.688
37.9075,10.7231,156.39
29.727,12.5781,182.176
33.6085,11.1287,161.184
37.9376,9.05867,131.202
44.4954,10.5203,152.372
30.6602,12.5295,178.996
37.2548,11.0053,156.157
38.001,11.102,156.468
47.4889,20.275,281.956
35.2867,10.3663,144.159
33.6566,14.0201,191.164
47.1605,17.3082,231.476
38.6131,11.659,155.925
38.2773,17.1504,227.91
34.711,11.822,156.111
45.4187,14.079,185.915
29.2792,14.3467,187.091
39.4088,11.8897,154.09
41.8155,20.2585,257.765
36.2432,12.5153,159.242
36.8823,12.2729,156.157
37.9614,12.3107,155.693
35.8068,12.3851,155.693
40.1593,13.5531,170.376
38.2665,12.6605,155.424
32.5025,16.1783,197.452
33.6316,11.8951,142.682
44.982,13.1518,156.858
28.9958,15.9551,188.149
40.4689,16.9389,198.632
44.997,13.5606,156.39
35.9788,19.6064,222.44
36.8274,13.8181,155.925
44.971,21.385,236.22
41.6165,16.7644,185.181
36.265,14.7799,162.403
37.496,19.4682,208.451
38.4375,12.7119,132.059
42.5866,14.3899,148.753
45.9696,15.7088,159.242
42.6159,14.6291,146.175
37.9401,13.5159,132.523
29.9603,19.3802,189.136
41.901,16.1719,157.094
39.0662,14.1018,135.105
42.2009,16.4719,157.094
41.251,27.3091,255.79
37.6566,25.5707,238.441
42.1979,16.7718,155.7
36.1106,13.5869,126.133
41.9416,30.0981,278.181
38.6169,28.1684,256.943
49.4989,-23.3255,255.773
42.4498,-14.1744,158.414
49.4959,-22.8733,257.28
35.4147,-12.7122,184.636
45.9608,-11.7838,171.151
31.8536,-11.2381,164.595
43.0908,-10.9811,162.192
44.0924,-10.9284,164.193
50.6479,-17.3241,264.845
35.8724,-8.53036,132.734
38.2603,-11.9835,198.877
35.9163,-8.00778,132.896
31.7881,-9.68054,163.772
35.9383,-7.47934,132.978
48.0451,-13.8015,250.485
34.678,-9.70882,181.881
44.3305,-8.64368,163.684
37.6605,-10.2254,195.76
42.1211,-11.1934,221.584
43.7384,-11.5536,228.714
37.1558,-7.03006,140.763
44.2492,-8.15976,163.383
32.7361,-7.80627,163.823
35.6254,-6.516,136.746
46.6406,-8.32933,174.8
42.141,-10.4052,221.023
35.536,-8.23052,174.829
42.9293,-7.67316,162.99
43.2304,-7.54651,160.3
37.687,-8.8468,190.235
34.045,-7.6386,164.255
42.3706,-7.68153,165.178
47.1081,-8.24589,177.314
42.1609,-10.1263,220.465
33.6041,-7.48814,163.028
45.6838,-8.34787,181.746
48.1804,-8.58885,186.992
36.694,-6.39903,139.316
35.8164,-6.41926,141.522
39.1982,-6.97802,153.841
33.6273,-7.66854,171.228
32.8415,-7.31863,163.415
33.0459,-7.02396,156.835
41.3628,-8.69717,194.196
35.3147,-6.17949,137.979
48.1453,-8.02942,179.286
32.5811,-7.22951,163.517
33.466,-7.25896,164.183
34.3995,-6.06445,137.165
35.05,-6.02773,136.335
38.4524,-6.41289,145.046
33.1268,-6.71498,153.873
32.8941,-7.02897,163.211
38.7964,-6.66232,154.697
45.3601,-7.64974,177.625
40.1972,-8.72309,205.279
37.0787,-6.89678,162.301
36.0943,-5.86155,137.939
32.6408,-6.92702,165.24
33.2066,-6.79116,162
38.1451,-6.77859,161.7
42.3046,-6.86761,163.823
42.5354,-8.85215,214.09
42.9957,-8.36905,202.406
45.7826,-7.18721,173.823
33.0493,-6.66737,163.517
36.8731,-6.5811,161.401
41.5699,-6.66737,163.517
35.3087,-6.49947,164.008
38.3805,-6.99054,176.4
40.1543,-6.53918,165.01
47.6899,-8.76825,224.505
33.7733,-5.60475,145.642
37.7401,-5.79115,150.486
35.2106,-5.12367,135.153
35.0487,-6.644,177.946
35.0847,-4.90788,133.497
33.1926,-6.06377,167.548
37.6558,-5.21957,144.222
34.3035,-5.67537,159.339
38.0354,-5.13906,146.641
35.9928,-5.93697,172.225
41.3284,-6.22053,180.45
38.2936,-5.25168,152.345
41.0793,-5.58284,161.952
42.483,-5.5845,162
43.3442,-7.26979,214.452
44.5905,-7.27276,214.54
41.1915,-6.35093,187.347
40.1079,-5.80585,171.267
41.1287,-5.45967,161.056
37.5431,-6.40824,192.288
37.9182,-5.51753,165.561
36.6431,-4.92559,147.799
41.9114,-5.40889,162.301
43.2805,-5.42908,162.906
32.7394,-5.33574,162.906
35.0578,-5.40554,165.038
34.9907,-5.30932,162.1
35.9651,-5.07985,155.094
38.9472,-5.26695,160.806
40.3688,-6.45939,204.363
42.1902,-5.12991,162.301
33.3308,-5.16175,166.323
42.9205,-4.95314,162.603
42.3902,-4.84194,162
40.8394,-6.16813,210.405
32.969,-4.29032,162.2
50.8334,-5.07189,191.749
36.7152,-3.59946,139.095
37.4371,-4.85206,191.745
42.5233,-5.41596,214.029
34.7855,-3.34929,132.358
44.3025,-4.05479,167.839
43.9962,-5.14872,218.297
32.9599,-3.81383,161.7
43.3487,-4.76178,201.891
44.7837,-4.0544,171.899
40.4897,-3.59013,159.988
44.6057,-4.83962,221.321
37.2815,-3.87962,177.419
45.2924,-4.23958,193.88
38.4541,-3.53026,161.442
33.0824,-3.45604,162.301
38.8527,-3.66736,172.225
38.0017,-3.34901,157.274
34.5436,-2.98068,139.977
50.4848,-4.00322,187.997
34.6674,-3.72288,179.666
43.6853,-4.39155,211.937
34.3009,-2.86019,138.033
42.893,-3.28172,158.376
38.5967,-3.37853,167.685
36.9406,-3.05138,151.447
37.0023,-3.02804,150.289
34.8873,-3.39813,173.594
43.6136,-4.20023,214.57
43.6745,-4.18253,213.665
44.4951,-3.72843,190.467
43.3224,-4.29188,225.863
33.9732,-3.0975,163.008
38.7607,-3.28995,173.135
38.4953,-3.55028,192.644
46.6479,-4.17071,226.31
42.1389,-3.11793,169.184
43.6325,-3.41891,191.468
43.6434,-3.711,214.716
44.3724,-2.75591,159.456
44.4467,-3.21078,192.144
40.8394,-3.39537,210.405
35.7589,-2.86317,177.425
41.927,-2.62008,162.361
37.5248,-2.51243,161.422
43.1912,-2.46651,158.472
39.3452,-2.22147,154.071
42.91,-2.26054,156.781
39.2993,-2.38171,172.021
42.4201,-2.41356,174.321
45.1546,-2.34812,169.595
39.264,-2.56385,193.17
36.3007,-2.15857,169.973
33.7298,-1.86564,146.906
38.5084,-2.317,191.068
41.06,-2.44965,202.006
34.851,-1.68903,139.284
35.1667,-1.56798,129.301
42.3264,-1.81592,165.375
39.6087,-1.61961,147.496
42.2007,-2.17307,208.795
46.3083,-1.90439,182.98
44.9629,-1.56017,158.64
34.8489,-1.75067,189.022
40.0614,-1.98783,214.628
33.7827,-1.33608,144.258
42.507,-1.58793,171.451
35.501,-1.51329,174.166
45.17,-1.38194,159.049
32.4701,-1.30013,160.197
35.5496,-1.28873,158.792
35.2634,-1.2654,155.918
37.6106,-1.20067,147.942
32.2355,-1.20986,160.399
36.6995,-1.14549,164.349
40.1264,-1.16855,167.657
42.6349,-1.50264,234.901
32.9561,-0.946943,162.595
46.1922,-0.939676,161.347
34.2511,-0.994047,189.307
44.218,-0.914604,195.511
42.3131,-0.737103,157.567
42.2819,-0.727254,155.462
40.1639,-0.665016,162
36.5657,-0.635406,179.895
43.8007,-0.592586,200.258
35.7165,-0.367696,124.259
40.1292,-0.513,214.991
37.2686,-0.400294,167.758
36.2189,-0.357674,149.896
45.2921,-0.197788,159.479
35.4837,-0.127629,191.277
38.5139,-0.0148182,157.16
38.7503,-0.0129961,137.834
45.4598,-0.0150622,159.747
31.9245,0.0749715,156.62
37.4242,0.0864301,180.558
34.2219,0.448295,203.995
41.0501,0.701902,253.345
32.7235,1.00463,198.45
38.9875,0.685294,135.369
30.7572,1.06972,189.821
45.7051,0.997117,160.609
30.053,1.29908,191.568
40.9761,1.721,253.785
46.3086,1.18014,160.47
45.7208,1.26852,160.021
46.4113,1.26736,159.874
40.9234,2.16984,255.269
36.2687,1.23436,127.964
34.9148,2.47411,229.253
38.8281,1.43497,132.965
51.3882,3.63005,319.405
40.2979,1.64743,137.998
40.6993,3.29383,263.275
35.4679,2.89468,221.239
43.4995,3.45155,263.8
29.3597,2.64269,193.506
35.3866,3.06933,224.746
31.2432,2.63333,192.82
48.4492,4.79932,324.216
33.0295,2.33313,157.613
28.8121,2.89794,188.474
43.8849,4.25461,276.708
33.8514,3.35569,210.405
32.7686,2.69517,157.661
29.3296,3.65058,194.04
45.5586,2.97602,158.185
32.4955,3.0648,158.089
44.0107,3.02596,151.605
43.3066,5.56225,263.545
45.8975,3.29141,155.951
40.4071,5.95308,274.608
30.6688,3.97671,183.441
34.6182,4.32584,199.546
44.2314,5.47723,234.096
38.8995,5.73434,239.227
37.689,5.02502,209.635
32.9937,5.0875,207.287
45.0557,3.80922,155.204
40.5899,5.42846,216.133
40.9001,3.49722,139.241
33.4007,4.77261,185.783
41.8682,5.83388,227.095
36.4395,6.10012,232.278
36.9393,6.05127,230.418
36.9952,5.99617,228.32
42.7872,3.84801,146.523
29.7677,4.93071,179.9
35.9116,5.49223,200.387
35.9627,3.42236,124.867
34.798,6.40097,215.521
40.2123,6.47795,218.113
35.4614,6.76887,223.595
43.4193,7.97129,263.314
47.6183,8.09558,267.42
43.2288,8.65763,275.555
41.1126,7.89411,246.754
35.6711,6.578,205.615
45.0796,7.84679,245.275
33.1506,5.01969,156.905
40.4123,4.40146,137.581
41.0779,7.27044,219.401
51.3637,10.2514,304.1
44.4186,8.3822,248.651
29.9947,6.23624,181.901
40.534,7.56103,220.543
33.0295,5.40357,157.613
31.3563,6.17932,174.411
41.2939,5.06131,140.582
33.3774,7.66979,209.697
33.4625,7.50047,205.068
33.8144,7.41197,199.523
31.4172,6.43026,173.096
34.9493,6.89226,185.532
42.6955,10.4602,273.153
42.533,6.01401,157.047
32.7814,6.09668,156.858
42.1986,6.37777,157.141
42.3656,8.50691,206.683
45.2602,6.46812,157.149
41.9035,6.64389,157.047
41.6604,6.00015,141.83
32.5412,6.82181,156.999
36.2352,10.6107,237.923
41.097,12.0632,257.271
39.2149,6.46326,134.553
38.3644,12.6761,254.777
31.6283,8.20414,164.895
43.963,11.1053,223.205
35.1377,7.55766,151.901
35.3618,8.85525,175.955
36.9146,7.96497,156.484
37.6997,7.83026,153.837
42.9006,11.2381,215.928
39.0651,8.14429,156.484
31.0999,9.78811,186.02
41.5017,13.8689,257.955
32.5885,10.6626,198.32
39.8716,8.50293,156.484
36.9613,8.5619,155.925
30.6318,9.92766,178.93
34.195,7.85202,141.52
37.9898,8.68225,156.484
43.0123,11.4743,204.691
33.271,8.41688,150.15
39.2162,8.76563,156.372
37.9899,7.4846,132.168
44.4287,8.58216,151.55
33.5532,11.721,204.905
35.3271,12.7771,221.151
32.0427,10.9578,187.8
34.2841,9.75915,167.257
32.4881,9.17103,157.177
33.0615,9.13055,156.484
35.7497,9.13055,156.484
43.4866,10.8354,183.896
40.5884,9.22021,156.484
35.6186,11.3234,188.512
32.9747,10.0562,167.416
39.0847,9.38272,156.204
38.8933,11.3789,187.646
42.7931,10.7142,176.685
35.9792,9.54464,155.925
32.2129,11.106,179.749
33.6888,9.66851,156.484
50.4937,10.7257,173.594
38.8859,9.75817,156.484
50.8029,19.7713,311.335
36.4908,9.91971,156.204
38.1142,8.42079,132.6
33.7693,11.4872,179.269
32.942,10.7483,167.738
36.3356,11.3588,177.265
38.2323,10.0627,155.647
34.1502,13.9166,211.509
37.743,10.3672,156.204
43.809,10.1156,152.413
43.3738,14.0896,208.686
37.4211,10.6205,155.98
29.7875,12.5339,182.546
40.4467,13.3251,194.068
37.9219,10.7252,156.204
49.1879,11.6569,169.773
37.2292,10.9741,155.925
37.9983,9.30411,132.197
37.9219,11.0832,156.204
36.8852,11.1567,155.98
43.2873,19.6788,272.939
33.5877,14.3862,199.533
37.2554,13.141,182.262
38.2797,11.2622,156.204
40.5158,11.3517,156.204
30.9826,12.8685,175.69
38.676,11.6318,156.36
32.663,14.5461,194.04
42.6472,15.6844,209.225
36.872,11.6888,155.925
34.7292,11.7781,155.925
44.9439,13.8858,183.827
35.2911,11.8463,155.647
33.4351,16.4031,213.908
39.0651,12.0893,156.484
39.9791,12.0677,156.204
33.2577,11.4421,145.941
43.3998,21.1532,267.846
38.0327,12.3142,155.925
35.8387,12.3858,155.702
36.5149,12.6715,155.925
38.007,18.8634,230.492
38.0812,12.9257,155.758
31.9648,13.6002,162.762
38.8824,13.7726,164.825
44.8895,13.0756,156.484
32.6328,17.7598,211.095
42.7634,17.7209,209.208
36.5382,14.9686,174.357
33.178,17.1507,198.45
44.6829,13.4348,155.453
38.7052,20.2795,233.107
33.5977,13.6299,155.647
45.7875,24.9075,282.582
36.7827,13.7436,155.925
51.2914,23.4692,261.171
38.5501,14.8288,165.019
35.9832,17.1188,189.295
36.2257,14.7261,161.812
35.556,19.9791,214.14
37.0077,14.5849,155.37
44.0314,14.5285,151.08
44.6176,15.0461,155.536
35.6554,12.1646,123.554
36.4023,12.4631,124.414
42.1417,27.0748,265.716
37.9904,13.4942,132.434
41.5918,15.9723,155.878
40.356,14.5407,139.566
45.2963,16.1925,155.42
42.1733,16.452,157.047
41.1202,27.1174,254.678
49.4989,-23.2375,255.773
39.8999,-13.3344,149.026
49.4953,-22.8707,257.584
35.4332,-12.8229,184.402
46.3038,-16.3088,239.263
44.1369,-11.2096,166.13
44.0602,-10.9909,164.564
46.3026,-15.8189,241.833
44.3586,-10.4688,165.255
38.2496,-11.926,199.059
35.8552,-7.96204,132.896
38.2171,-11.5597,197.477
35.9468,-7.50524,132.897
47.9886,-13.8099,250.639
43.7252,-12.1556,229.194
40.8339,-8.00661,150.965
35.9135,-9.78406,186.901
43.7449,-11.4891,228.474
35.5382,-8.91802,179.804
38.7779,-7.29596,147.1
44.2788,-8.11931,163.701
35.5046,-8.45092,177.78
42.3362,-7.75548,163.15
39.6232,-7.05304,148.373
42.1211,-10.3808,221.584
43.2293,-10.2465,218.717
35.5416,-8.19637,174.955
42.966,-7.5961,162.142
43.1224,-7.50694,160.239
34.045,-7.58213,164.255
42.6696,-7.65122,165.751
42.9187,-7.53499,163.234
35.0806,-7.74776,170.381
41.6071,-7.46919,164.255
44.6611,-7.78513,171.203
34.9925,-8.01257,178.909
32.8422,-7.33969,163.885
47.6641,-10.1311,226.212
41.332,-8.72823,194.889
35.4399,-5.97417,133.395
35.546,-7.87601,178.602
51.146,-11.0651,250.92
41.6427,-7.32905,166.199
42.0764,-7.22701,163.885
41.5325,-7.09834,163.517
35.3665,-7.72522,180.821
35.4054,-5.78323,135.366
50.8053,-10.4421,248.411
35.5532,-7.11602,169.286
44.7971,-9.47023,229.038
39.043,-8.11131,196.172
43.7559,-8.53082,206.318
37.1249,-6.71579,162.422
38.2322,-6.63678,160.511
35.0822,-5.6198,135.915
44.6486,-7.02141,169.813
33.0674,-6.66361,163.885
40.08,-6.593,164.937
33.0313,-6.40938,163.15
35.2866,-6.45278,164.255
34.3833,-6.22785,158.529
32.7795,-5.96573,154.562
40.7251,-6.32557,163.885
42.934,-6.2558,165.017
35.0487,-6.62361,177.946
42.4988,-6.03227,162.06
35.0852,-6.36335,177.512
46.5019,-6.39013,178.259
35.0156,-5.74921,163.517
34.4381,-5.5651,158.28
38.492,-5.80523,168.403
39.3332,-5.61157,162.785
41.0093,-5.62667,163.223
38.5026,-5.12845,148.77
42.44,-5.56426,161.413
31.5786,-5.36054,158.668
36.282,-6.07505,179.816
38.0937,-6.20923,183.788
39.5497,-6.10262,180.633
44.278,-6.7475,199.721
40.104,-5.78849,171.335
39.249,-5.2348,154.946
39.4447,-5.21843,154.461
43.3452,-5.51197,163.15
31.8275,-5.40479,163.301
34.817,-5.41599,163.639
38.3175,-5.54839,167.64
45.5641,-6.2235,188.037
40.3558,-5.40483,163.302
36.248,-5.84221,180.262
34.974,-5.25945,162.281
35.9657,-5.03906,155.481
31.4472,-5.04716,159.106
35.3129,-5.14851,162.301
36.8771,-5.8309,187.885
36.1795,-5.62219,181.159
42.276,-4.91802,162.06
42.9126,-4.94002,162.785
42.0872,-5.43248,207.176
34.5471,-4.44762,174.184
44.7879,-5.38092,222.731
42.8881,-5.12872,218.51
35.714,-4.11244,175.211
39.4413,-4.30921,183.595
38.6633,-3.48789,148.602
40.1929,-3.57862,152.468
40.3394,-4.53959,199.247
44.8184,-4.71538,213.402
45.2882,-4.28782,194.053
45.5743,-4.22778,191.335
42.5464,-3.72144,168.42
40.0118,-4.20243,196.296
39.5336,-3.43439,160.421
39.0926,-3.58707,173.112
35.0178,-3.15556,152.288
34.3009,-2.86019,138.033
43.1359,-3.32987,160.7
49.622,-3.80137,183.454
44.1371,-3.78875,189.12
36.9844,-3.01497,150.496
44.1,-4.48815,231.994
34.6231,-3.48586,180.185
34.9317,-3.3266,171.953
39.384,-2.84577,147.099
43.4375,-4.05823,217.502
46.6445,-4.22696,226.545
43.945,-3.94286,211.318
38.7563,-3.23171,173.204
35.3751,-2.90515,155.702
39.7658,-2.73222,152.037
44.3683,-2.75793,159.572
35.1339,-2.97069,179.003
43.295,-3.54892,213.845
37.4071,-2.51209,151.37
45.3265,-3.63554,228.533
46.5985,-3.68648,231.735
36.1677,-2.54012,159.674
38.0504,-2.3451,147.415
46.3222,-3.64317,239.358
37.1011,-2.43399,159.914
48.6706,-2.66237,183.195
44.2012,-2.68552,193.964
44.0899,-2.87518,218.513
41.5383,-2.56054,194.601
39.6262,-1.93747,147.248
45.2426,-2.95732,237.148
44.4758,-2.21965,177.994
39.7228,-1.8221,146.114
46.3167,-2.38046,202.029
39.1084,-1.69917,153.144
42.364,-1.82588,164.564
35.4577,-1.46563,132.095
43.7327,-2.3519,225.978
46.6093,-2.40417,231
44.3655,-1.88948,181.547
36.8079,-1.51233,145.309
43.1173,-2.24534,231
41.0731,-1.82008,201.503
49.585,-1.91346,211.84
44.7806,-1.63222,180.705
45.163,-1.43872,159.281
43.016,-1.93743,232.167
41.2168,-1.39763,182.519
42.0981,-1.27261,166.193
35.5127,-1.10958,159.197
50.4805,-1.49004,213.783
37.6989,-1.09996,157.816
46.1838,-1.01589,161.706
41.16,-1.13741,203.3
40.1659,-0.726846,148.118
48.3917,-0.901488,213.641
42.4135,-0.74706,177.044
34.4623,-0.586813,139.067
41.5193,-0.721889,204.381
37.8112,-0.488163,171.615
37.2784,-0.476823,167.629
41.0697,-0.483487,169.971
36.5156,-0.361941,127.242
36.4745,-0.413876,191.879
37.1212,-0.33909,157.207
45.4115,-0.235335,160.157
32.6859,-0.137417,175.761
31.8855,-0.014797,156.958
39.9461,-0.015367,163.004
35.7965,-0.0120183,127.483
45.2955,-0.0150237,159.362
36.4887,0.104444,176.045
42.4855,0.190533,148.757
38.2248,0.447596,227.39
40.4782,0.663968,249.992
38.1508,0.607737,228.82
34.3641,0.870297,215.897
31.0885,1.02495,189.588
38.9772,0.732512,135.495
48.9452,2.11264,311.538
41.8675,1.76847,260.785
37.1889,0.885133,130.525
46.3076,1.20232,160.977
46.419,1.30679,160.216
40.6151,2.24701,254.072
38.7338,1.39939,136.938
33.8436,2.58814,223.227
51.3549,3.70878,319.881
40.4822,3.16466,257.671
46.6636,1.96414,159.923
46.3817,1.93857,157.841
36.4436,3.06201,236.096
34.126,2.75684,212.565
33.8436,3.04859,223.227
51.714,4.47576,327.729
33.5668,2.83118,207.307
31.9119,3.20764,213.387
36.3551,3.57218,237.638
33.0172,2.37096,157.727
44.0062,4.38391,278.882
32.0529,2.53726,154.644
30.1205,3.82333,199.575
45.0149,2.99782,156.484
35.5202,3.43503,173.094
38.3458,4.96221,233.845
40.9786,2.95923,139.454
28.9062,4.31378,196.908
29.9133,3.91441,178.678
30.4812,3.8619,176.281
32.217,4.53427,200.674
43.6281,6.24693,268.307
35.2002,4.45638,191.403
38.4437,4.74296,203.712
31.4983,3.83029,164.512
36.5303,5.31767,221.844
43.1273,5.7501,239.884
45.0951,3.7309,155.647
32.726,5.09176,206.496
44.3017,5.99354,236.474
41.0074,3.53701,139.552
29.1168,4.84589,186.144
39.1276,6.29089,241.651
36.1145,3.22209,123.77
36.2541,6.03406,225.821
43.5162,6.68517,243.912
35.9506,3.42529,124.974
29.3557,5.15943,183.638
32.0672,6.28742,218.44
36.5276,6.6484,225.593
31.2161,5.27677,174.969
40.2221,6.57136,217.895
35.9506,3.769,124.974
42.4733,8.3027,269.167
41.1763,7.95752,246.967
43.3604,8.04794,249.773
45.0657,7.92527,245.966
33.0905,5.0602,157.047
31.4323,6.63447,197.477
36.768,7.65513,223.288
33.7416,6.85343,199.904
32.9531,6.35685,185.419
32.5301,5.3277,155.4
28.9278,6.92367,197.982
32.2848,6.13921,175.55
35.5617,6.58997,188.44
31.3563,6.21929,174.411
42.7378,9.75919,268.505
51.0878,11.4194,314.183
32.6999,5.7342,157.765
36.3129,7.90303,213.4
34.9301,6.87977,185.769
38.9826,4.91298,132.662
35.1293,7.31477,193.915
33.7887,6.68086,177.11
42.5249,6.03852,157.216
49.6142,9.29693,237.794
46.0497,6.29352,158.191
42.1704,6.35823,157.103
50.6547,10.1941,247.675
38.6973,5.62932,134.522
41.8616,6.68469,157.16
38.0635,7.9638,184.254
37.0811,5.467,126.487
35.9506,5.6594,124.974
42.7444,12.4765,267.392
42.0594,6.69417,143.468
45.4685,14.2125,295.879
39.7919,6.5661,136.694
42.2473,13.8311,279.925
32.2582,9.928,200.931
33.8046,8.75512,177.193
33.7316,8.60969,171.859
44.8143,11.3181,222.862
36.8429,7.94704,156.484
38.2407,8.05464,156.484
37.1319,9.76527,187.217
39.101,8.16222,156.484
45.1002,14.2954,270.501
32.0407,10.6388,198.726
45.0262,14.7,274.585
35.7676,8.485,156.484
36.9784,8.57415,156.148
39.8536,8.59259,156.484
29.3302,10.3343,185.875
30.608,9.96041,179.15
39.2505,9.84328,177.044
37.9182,8.70018,156.484
41.7828,11.3089,200.921
39.827,10.6738,189.636
39.2085,8.80778,156.484
36.7818,7.30221,128.169
39.139,7.60628,133.506
38.4683,13.5837,235.579
34.8064,9.78013,169.615
41.5591,15.1693,259.978
32.1454,11.0225,188.908
36.1393,10.2074,174.939
44.6307,12.3189,211.127
35.7676,9.13055,156.484
36.8204,9.17893,155.481
41.0167,9.35628,158.485
43.5474,13.9402,230.755
32.926,10.0988,167.169
45.3744,13.2689,219.643
37.9182,9.45333,156.484
36.0128,9.5404,156.148
32.224,11.1169,179.926
33.6171,9.66851,156.484
38.8025,9.75513,156.148
50.8863,19.897,311.627
36.1602,11.2887,176.805
36.4128,9.99129,156.484
36.3877,8.09577,126.796
48.1432,16.5239,256.041
34.9192,11.4816,177.909
38.2911,10.0556,155.813
32.4935,13.2834,201.534
37.9754,8.72196,132.328
37.7295,10.3993,156.148
32.3725,13.1439,193.367
37.4346,10.5913,155.813
43.7691,14.4514,210.472
37.8368,10.7214,156.148
37.9084,9.00517,131.153
36.0966,14.8825,210.429
35.2182,11.7446,166.061
34.6348,10.2543,144.989
37.8368,11.1508,156.148
34.7348,15.8021,219.171
35.1547,15.0779,209.127
36.8711,11.2582,156.148
38.266,11.3655,156.148
40.4119,11.3655,156.148
31.1249,13.0188,177.187
35.1862,11.5555,155.813
41.1998,15.129,202.125
35.1225,11.7128,156.484
35.8588,11.6377,155.481
43.4783,13.782,184.129
32.711,14.7591,195.388
34.7579,11.7697,155.813
38.3483,11.8203,156.484
35.2806,11.8726,155.758
31.2691,15.3751,199.904
37.0564,9.90769,128.818
39.0775,12.1693,156.821
38.2324,18.6477,236.122
38.2694,12.8368,162.543
37.9956,12.386,155.481
35.8286,12.5196,155.813
37.3432,18.6114,227.731
36.4419,12.7612,156.148
38.3161,12.7067,155.481
38.077,12.9482,155.813
38.4602,16.4183,195.95
38.8656,13.8313,165.075
46.4983,13.5759,162.027
32.0242,17.5258,207.466
41.3087,17.2591,202.659
40.3472,16.3076,191.487
32.6235,13.3795,155.846
50.7922,26.5822,307.173
51.0162,26.4794,305.985
44.6753,13.4718,155.675
30.7623,16.7024,189.987
33.5802,13.6981,155.813
36.7922,13.8052,155.813
43.9444,20.1449,223.892
36.2862,13.9895,155.481
31.8994,15.2144,167.811
36.2619,14.6476,161.56
39.79,14.1266,155.813
39.2547,14.448,155.813
39.5759,14.448,155.813
35.2636,19.9216,213.262
32.2201,16.7412,179.216
37.0063,14.6623,155.813
42.7216,14.1129,146.758
39.6003,13.3967,138.322
42.1425,14.4506,144.089
32.4869,20.84,204.988
41.5031,15.9478,155.813
45.1213,16.1314,157.606
49.5,-23.1886,255.235
49.4957,-22.9607,257.402
43.1882,-14.4111,161.556
37.5121,-12.2478,139.892
48.1828,-17.5967,250.574
44.3437,-11.4766,165.369
38.2944,-13.4348,198.299
48.6714,-12.4117,183.198
46.3026,-15.7856,241.833
35.8552,-8.56511,132.896
44.3816,-10.5305,165.51
46.3003,-14.7238,240.784
35.8991,-8.02669,133.059
38.2363,-11.568,197.156
36.6756,-7.61623,135.522
43.7449,-12.6516,228.474
40.2675,-8.86031,160.008
43.0932,-8.95397,161.7
40.9609,-8.1315,151.357
42.1402,-11.5107,221.045
43.7684,-11.8529,227.617
42.1688,-11.1054,220.243
37.6873,-9.47709,191.076
45.354,-8.51991,171.777
46.3535,-8.49541,171.283
39.1636,-7.24807,151.164
32.0214,-7.61861,161.674
33.451,-7.76478,164.776
39.7517,-7.07276,150.09
41.2914,-7.23409,153.514
35.7539,-8.64567,186.738
32.8499,-7.58417,163.811
42.6696,-7.67401,165.751
35.608,-6.32299,136.571
35.2908,-6.20777,134.082
35.5389,-8.1256,178.69
35.0596,-7.75866,170.621
41.9862,-7.53725,165.751
35.3665,-8.07333,180.821
41.444,-7.37697,165.225
41.2693,-6.8715,153.903
36.4803,-7.42267,169.378
39.7172,-6.84889,156.285
31.9844,-7.06121,164.222
33.4524,-7.17273,166.815
43.6647,-9.0283,209.97
50.8248,-10.4732,248.34
39.5552,-7.95855,188.712
38.1282,-6.83758,162.132
42.9004,-6.98331,165.587
46.2958,-7.41795,175.894
34.0341,-7.1949,174.009
50.8147,-10.3919,251.328
37.7731,-7.5104,181.639
35.6396,-6.94843,168.048
36.9599,-6.68594,161.7
38.2538,-6.63288,160.416
35.0673,-6.48832,163.443
35.187,-6.43627,162.132
40.4304,-6.61612,166.662
35.0634,-6.76381,177.773
42.482,-6.04574,162.422
39.3776,-5.60339,153.95
35.0358,-5.80884,163.296
34.4308,-5.62211,158.047
40.1936,-7.0809,203.783
35.2897,-6.13999,176.704
37.4917,-6.39117,183.933
34.2233,-5.7411,165.225
37.1249,-5.64371,162.422
39.2741,-5.66394,163.004
39.7444,-5.50566,158.449
48.1337,-6.4762,186.38
35.9728,-5.55934,163.885
38.0668,-5.60903,165.35
46.2744,-6.72207,198.161
43.423,-5.54435,163.443
36.2616,-5.96025,180.083
35.0814,-5.4536,164.776
35.9896,-5.13718,155.215
35.431,-4.83397,146.054
40.3169,-6.56921,203.557
35.326,-5.23312,162.156
42.2311,-5.26047,163.004
37.2991,-5.87321,186.765
42.2726,-4.9648,162.132
42.9031,-4.99149,163.004
32.8756,-4.29089,161.941
50.8316,-5.06955,191.329
34.5214,-4.45589,173.574
40.7102,-5.21557,209.912
37.8212,-4.66688,187.829
38.9466,-4.76319,198.29
34.0343,-4.01087,166.971
48.486,-5.42848,225.986
41.0354,-3.78065,157.387
50.4525,-5.78832,249.537
44.0995,-3.87438,167.026
45.7605,-5.00208,223.595
38.6114,-3.62225,161.916
43.0834,-3.80496,170.083
41.2835,-4.24368,196.958
41.904,-3.63532,168.723
49.6211,-3.96273,183.918
35.3349,-3.23833,156.282
41.0138,-3.69147,178.15
36.802,-3.26559,157.598
37.8753,-3.24621,156.662
32.299,-3.34194,167.971
48.0194,-3.92498,197.275
41.895,-3.38994,170.383
43.1116,-3.20862,161.27
40.2615,-4.0451,212.108
34.7516,-3.31852,174.009
35.3163,-3.27772,171.87
34.1065,-2.86637,150.301
33.9493,-2.97867,163.252
43.9031,-3.56897,195.605
42.8803,-2.99131,163.944
37.7593,-2.85725,164.014
44.0083,-3.71844,224.06
43.1695,-3.54344,213.515
37.3914,-2.51523,151.559
32.4976,-2.65391,168.281
33.3919,-2.65882,168.593
37.1625,-2.26936,143.898
48.6706,-2.73795,183.195
38.0741,-2.10269,140.69
33.5052,-2.36897,167.768
41.6756,-2.75339,194.993
38.3598,-2.37834,168.432
42.7987,-2.97196,223.533
39.6354,-1.95917,147.357
35.3997,-2.19233,175.803
47.1947,-2.36183,189.396
43.3332,-1.9847,159.153
36.6864,-1.86239,159.927
44.7218,-2.05598,176.551
35.6407,-1.90736,176.278
34.5774,-1.85294,185.384
34.9806,-1.81051,181.139
35.014,-1.71694,171.777
44.9395,-1.83909,183.999
43.5665,-1.7048,185.909
42.5777,-1.57731,172.006
45.1705,-1.45945,159.153
38.197,-1.42541,170.81
37.4997,-1.38407,165.856
34.6663,-1.13834,136.41
42.5713,-1.28472,170.842
35.9503,-1.34386,200.731
36.0427,-1.1705,199.411
41.1797,-1.19066,202.846
33.2727,-0.782328,155.079
37.7812,-0.871586,172.772
40.5418,-0.753442,149.353
35.1875,-0.656703,155.63
37.4391,-0.638208,151.247
37.8112,-0.58256,171.615
33.5963,-0.483257,142.362
42.7728,-0.600566,176.92
39.9335,-0.472133,139.085
36.5029,-0.491994,191.475
35.0453,-0.40417,157.295
43.1112,-0.4032,231.137
36.271,-0.0168436,178.667
36.5213,-0.0165564,175.62
37.6494,-0.0144349,153.117
41.4199,-0.01392,147.654
45.4276,-0.0150457,159.595
40.4922,0.387443,249.022
31.8432,0.454732,190.989
47.1217,0.948312,295.792
30.5234,0.90242,185.83
38.9608,0.658967,135.697
34.2048,1.419,218.097
37.1797,0.849847,130.619
39.8721,2.03092,248.996
45.648,1.58185,161.304
46.9896,3.28916,309.375
51.3514,3.39192,319.04
36.4436,2.70489,236.096
32.8211,2.3976,209.274
33.8564,2.92161,222.907
38.2528,3.05243,232.888
40.0616,3.63524,260.929
30.9269,2.73295,196.165
34.7125,3.42846,232.327
30.1378,2.97867,191.16
31.7075,3.06959,196.995
35.284,2.79488,170.345
40.4741,4.4944,260.814
29.401,3.67507,194.63
44.9999,2.95097,156.282
31.9022,3.072,155.88
33.3162,4.16467,202.833
32.484,4.72158,221.073
39.7795,4.90175,229.509
43.6049,5.77296,260.246
33.0457,3.8957,175.619
43.0794,6.0955,264.933
34.3933,4.79354,208.345
34.7819,4.46827,194.207
35.7539,4.29643,186.738
40.886,3.24838,141.186
45.5808,7.0918,287.608
36.2782,4.8388,196.238
41.2525,6.7029,263.035
34.7819,4.94898,194.207
44.3017,6.02606,236.474
45.364,7.45285,283.292
35.0912,5.70638,216.906
32.6492,4.94634,182.299
45.4391,4.412,157.807
39.7073,7.77813,270.231
42.2814,7.02231,237.174
32.59,5.24295,177.077
35.9603,3.69772,124.888
31.3208,6.046,198.663
41.9668,7.00224,224.011
42.3622,6.26815,200.527
43.3513,8.02461,250.116
44.4398,7.78184,242.55
29.819,6.15983,187.18
32.0121,6.31851,192.002
41.0201,7.23745,219.926
31.5672,6.32436,187.479
41.8658,7.9221,234.842
34.3363,5.52603,163.814
31.6427,7.48411,216.562
36.114,6.78127,196.225
42.0239,7.75209,224.316
42.0825,7.69516,222.669
30.876,6.6181,187.038
33.8281,6.25161,176.68
33.7194,7.70397,212.765
37.1893,7.91985,218.727
50.6696,10.2441,282.918
38.2917,6.66725,184.133
35.6582,7.27301,196.388
33.6108,6.61509,178.622
30.7863,7.471,197.337
42.5128,5.94734,157.092
49.6144,9.19283,237.638
51.2379,10.098,250.358
42.1242,6.33617,157.092
35.9603,5.1403,124.888
33.5514,6.96202,162.628
41.844,6.74248,157.5
30.396,8.68516,199.043
35.9603,5.55247,124.888
42.7298,12.304,266.842
45.5363,14.1649,296.586
47.2241,14.2547,293.398
46.8917,15.3376,310.415
31.6213,8.16026,165.154
32.0331,8.09228,163.778
40.6359,10.1378,201.807
38.16,8.29698,165.163
38.4572,8.24391,164.107
38.2686,8.0004,156.686
39.0438,8.12968,156.686
39.5162,12.8749,244.258
36.1242,11.3643,215.599
40.5414,10.7446,203.842
34.5656,8.8984,166.215
35.7215,8.36661,156.282
36.915,8.47372,155.88
37.8973,8.52118,156.753
39.8452,8.49556,156.282
38.8323,12.543,227.288
39.8429,10.4488,189.34
34.6906,8.6245,156.282
39.2009,8.6245,156.282
33.2246,8.94863,159.767
46.8247,12.8997,226.966
45.1604,10.9144,192.035
43.5249,8.61592,151.594
38.8296,14.0543,243.741
38.2624,13.4996,234.121
34.1326,11.5753,200.749
45.8284,12.9118,223.926
38.3963,10.4393,181.047
35.6846,9.16389,156.686
36.915,9.11678,155.88
40.465,9.1639,156.686
41.8725,13.1983,222.528
48.8161,14.6794,247.5
41.5042,12.0979,201.176
37.881,9.42245,156.686
37.4937,9.01852,149.969
45.4351,13.2142,216.764
34.0718,8.44718,138.567
33.9979,11.7288,189.83
33.6452,9.65191,156.215
38.8143,9.65605,156.282
47.7101,18.3708,293.411
45.2833,14.023,223.97
38.7589,10.072,160.866
36.3659,9.91394,156.282
34.9106,11.9224,185.53
41.0688,13.4367,209.095
45.2641,14.2126,221.169
38.3289,10.0171,155.88
38.671,8.65521,134.688
36.528,14.8819,225.787
37.7348,10.4163,156.081
30.2088,12.181,180.295
37.4292,10.5315,155.88
33.3141,13.9402,203.844
41.4534,13.632,199.337
44.4978,10.5082,153.658
45.4583,18.5452,264.792
35.1776,11.6623,166.517
35.311,10.2293,146.056
42.1713,18.7584,264.717
35.1205,14.8533,209.609
46.3635,16.0531,226.541
39.8808,11.81,166.663
45.0549,11.1198,156.922
36.8813,11.2034,156.282
38.774,16.5362,228.047
37.9021,15.7073,216.616
38.2988,11.3323,156.282
35.3726,11.4318,155.88
40.1861,14.6212,197.151
35.8672,11.4719,154.687
40.1283,12.6993,171.238
36.7865,11.5604,155.88
38.5566,11.5902,156.282
32.9334,14.7392,196.556
34.8195,11.7192,156.282
38.0212,11.6342,155.149
31.5216,15.2374,200.988
41.9801,19.4739,256.87
35.2441,11.8176,155.88
39.9741,11.977,156.282
35.6846,12.2665,156.686
38.481,12.7656,163.061
35.7395,17.477,220.913
38.0719,12.3321,155.88
35.7948,12.4288,155.481
42.7466,21.2329,260.246
38.4575,12.7179,155.88
41.8098,11.8984,144.376
38.4664,16.3017,195.845
38.1024,12.9419,155.481
35.1593,19.1475,227.776
41.3377,16.9794,201.984
40.337,16.1139,191.688
37.9505,11.1113,132.178
38.0458,20.2731,238.821
50.8677,26.1506,305.094
44.1296,13.1741,153.7
35.7032,19.2801,220.689
40.1046,17.9894,205.915
36.7865,13.6182,155.88
33.5133,13.7223,155.602
42.8304,19.4106,218.063
31.892,15.0289,167.288
33.5018,13.4096,149.263
36.3426,13.9324,155.083
39.8452,14.0401,156.282
50.0141,21.1344,233.108
39.2563,14.2247,155.481
43.0435,23.9507,259.449
31.2188,15.9446,172.722
36.0179,11.4816,124.376
37.5896,14.4813,155.481
37.0436,14.6471,155.88
37.5257,14.6849,156.282
40.2075,13.5053,140.039
